table,record_id,filename,expected_path,backup_path,sibling_source_path
rich_rich_files,228,2017-10-03_143856.png,/home/dqa03/system/redmine_app/redmine_system/rich/rich_files/rich_files/000/000/228/original/2017-10-03_143856.png,,
rich_rich_files,4694,20260326 1340.png,/home/dqa03/system/redmine_app/redmine_system/rich/rich_files/rich_files/000/004/694/original/20260326 1340.png,,
rich_rich_files,4695,150971_DQA_ISSUE_2.png,/home/dqa03/system/redmine_app/redmine_system/rich/rich_files/rich_files/000/004/695/original/150971_DQA_ISSUE_2.png,,
rich_rich_files,4696,150971_DQA_ISSUE.png,/home/dqa03/system/redmine_app/redmine_system/rich/rich_files/rich_files/000/004/696/original/150971_DQA_ISSUE.png,,
rich_rich_files,4697,未命名.png,/home/dqa03/system/redmine_app/redmine_system/rich/rich_files/rich_files/000/004/697/original/未命名.png,,
rich_rich_files,4698,螢幕擷取畫面 2026-04-01 103456.png,/home/dqa03/system/redmine_app/redmine_system/rich/rich_files/rich_files/000/004/698/original/螢幕擷取畫面 2026-04-01 103456.png,,
rich_rich_files,4700,PTZ_disable.png,/home/dqa03/system/redmine_app/redmine_system/rich/rich_files/rich_files/000/004/700/original/PTZ_disable.png,,
rich_rich_files,4701,PTZ_disable_SPEC.png,/home/dqa03/system/redmine_app/redmine_system/rich/rich_files/rich_files/000/004/701/original/PTZ_disable_SPEC.png,,
rich_rich_files,4702,16ch.png,/home/dqa03/system/redmine_app/redmine_system/rich/rich_files/rich_files/000/004/702/original/16ch.png,,
rich_rich_files,4703,normal.PNG,/home/dqa03/system/redmine_app/redmine_system/rich/rich_files/rich_files/000/004/703/original/normal.PNG,,
rich_rich_files,4704,Deep search.PNG,/home/dqa03/system/redmine_app/redmine_system/rich/rich_files/rich_files/000/004/704/original/Deep search.PNG,,
rich_rich_files,4705,2026-04-02 140807.png,/home/dqa03/system/redmine_app/redmine_system/rich/rich_files/rich_files/000/004/705/original/2026-04-02 140807.png,,
rich_rich_files,4706,20260402 1445.PNG,/home/dqa03/system/redmine_app/redmine_system/rich/rich_files/rich_files/000/004/706/original/20260402 1445.PNG,,
rich_rich_files,4707,20260402 memory.PNG,/home/dqa03/system/redmine_app/redmine_system/rich/rich_files/rich_files/000/004/707/original/20260402 memory.PNG,,
rich_rich_files,4708,20260407 1417.PNG,/home/dqa03/system/redmine_app/redmine_system/rich/rich_files/rich_files/000/004/708/original/20260407 1417.PNG,,
rich_rich_files,4709,20260407 memory.PNG,/home/dqa03/system/redmine_app/redmine_system/rich/rich_files/rich_files/000/004/709/original/20260407 memory.PNG,,
rich_rich_files,4710,4QpKE1hwpw.png,/home/dqa03/system/redmine_app/redmine_system/rich/rich_files/rich_files/000/004/710/original/4QpKE1hwpw.png,,
rich_rich_files,4711,1234.png,/home/dqa03/system/redmine_app/redmine_system/rich/rich_files/rich_files/000/004/711/original/1234.png,,
rich_rich_files,4712,2026-04-08_083912.png,/home/dqa03/system/redmine_app/redmine_system/rich/rich_files/rich_files/000/004/712/original/2026-04-08_083912.png,,
rich_rich_files,4713,camera network.png,/home/dqa03/system/redmine_app/redmine_system/rich/rich_files/rich_files/000/004/713/original/camera network.png,,
rich_rich_files,4714,camera network.png,/home/dqa03/system/redmine_app/redmine_system/rich/rich_files/rich_files/000/004/714/original/camera network.png,,
rich_rich_files,4715,camera network.png,/home/dqa03/system/redmine_app/redmine_system/rich/rich_files/rich_files/000/004/715/original/camera network.png,,
rich_rich_files,4716,camera network.png,/home/dqa03/system/redmine_app/redmine_system/rich/rich_files/rich_files/000/004/716/original/camera network.png,,
rich_rich_files,4717,PTZ_disable.png,/home/dqa03/system/redmine_app/redmine_system/rich/rich_files/rich_files/000/004/717/original/PTZ_disable.png,,
rich_rich_files,4718,PTZ_disable_SPEC.png,/home/dqa03/system/redmine_app/redmine_system/rich/rich_files/rich_files/000/004/718/original/PTZ_disable_SPEC.png,,
rich_rich_files,4719,camera network_Save.png,/home/dqa03/system/redmine_app/redmine_system/rich/rich_files/rich_files/000/004/719/original/camera network_Save.png,,
rich_rich_files,4720,camera network.png,/home/dqa03/system/redmine_app/redmine_system/rich/rich_files/rich_files/000/004/720/original/camera network.png,,
rich_rich_files,4721,camera network_Save.png,/home/dqa03/system/redmine_app/redmine_system/rich/rich_files/rich_files/000/004/721/original/camera network_Save.png,,
rich_rich_files,4722,camera network.png,/home/dqa03/system/redmine_app/redmine_system/rich/rich_files/rich_files/000/004/722/original/camera network.png,,
rich_rich_files,4723,camera network_Manual setup.png,/home/dqa03/system/redmine_app/redmine_system/rich/rich_files/rich_files/000/004/723/original/camera network_Manual setup.png,,
rich_rich_files,4724,20260408 1332.PNG,/home/dqa03/system/redmine_app/redmine_system/rich/rich_files/rich_files/000/004/724/original/20260408 1332.PNG,,
rich_rich_files,4725,20260408 memory.PNG,/home/dqa03/system/redmine_app/redmine_system/rich/rich_files/rich_files/000/004/725/original/20260408 memory.PNG,,
rich_rich_files,4726,camera network_Failed to save.png,/home/dqa03/system/redmine_app/redmine_system/rich/rich_files/rich_files/000/004/726/original/camera network_Failed to save.png,,
rich_rich_files,4727,20260402_105707_828.png,/home/dqa03/system/redmine_app/redmine_system/rich/rich_files/rich_files/000/004/727/original/20260402_105707_828.png,,
rich_rich_files,4728,螢幕擷取畫面 2026-04-02 105154.png,/home/dqa03/system/redmine_app/redmine_system/rich/rich_files/rich_files/000/004/728/original/螢幕擷取畫面 2026-04-02 105154.png,,
rich_rich_files,4729,camera network_RTSP.png,/home/dqa03/system/redmine_app/redmine_system/rich/rich_files/rich_files/000/004/729/original/camera network_RTSP.png,,
rich_rich_files,4730,camera network_RTSP.png,/home/dqa03/system/redmine_app/redmine_system/rich/rich_files/rich_files/000/004/730/original/camera network_RTSP.png,,
rich_rich_files,4731,螢幕擷取畫面 2026-04-08 140302.png,/home/dqa03/system/redmine_app/redmine_system/rich/rich_files/rich_files/000/004/731/original/螢幕擷取畫面 2026-04-08 140302.png,,
rich_rich_files,4732,20260407_114148_178.png,/home/dqa03/system/redmine_app/redmine_system/rich/rich_files/rich_files/000/004/732/original/20260407_114148_178.png,,
rich_rich_files,4733,camera network_disconnected.png,/home/dqa03/system/redmine_app/redmine_system/rich/rich_files/rich_files/000/004/733/original/camera network_disconnected.png,,
rich_rich_files,4734,camera network_disconnected.PNG,/home/dqa03/system/redmine_app/redmine_system/rich/rich_files/rich_files/000/004/734/original/camera network_disconnected.PNG,,
rich_rich_files,4735,20260407_114148_178.png,/home/dqa03/system/redmine_app/redmine_system/rich/rich_files/rich_files/000/004/735/original/20260407_114148_178.png,,
rich_rich_files,4736,20260407_131903_333.png,/home/dqa03/system/redmine_app/redmine_system/rich/rich_files/rich_files/000/004/736/original/20260407_131903_333.png,,
rich_rich_files,4737,螢幕擷取畫面 2026-04-07 114338.png,/home/dqa03/system/redmine_app/redmine_system/rich/rich_files/rich_files/000/004/737/original/螢幕擷取畫面 2026-04-07 114338.png,,
rich_rich_files,4738,螢幕擷取畫面 2026-04-07 131926.png,/home/dqa03/system/redmine_app/redmine_system/rich/rich_files/rich_files/000/004/738/original/螢幕擷取畫面 2026-04-07 131926.png,,
rich_rich_files,4739,camera network_setup.png,/home/dqa03/system/redmine_app/redmine_system/rich/rich_files/rich_files/000/004/739/original/camera network_setup.png,,
rich_rich_files,4740,camera network_setup.png,/home/dqa03/system/redmine_app/redmine_system/rich/rich_files/rich_files/000/004/740/original/camera network_setup.png,,
rich_rich_files,4741,camera network_Dialog.png,/home/dqa03/system/redmine_app/redmine_system/rich/rich_files/rich_files/000/004/741/original/camera network_Dialog.png,,
rich_rich_files,4742,camera network_Dialog.png,/home/dqa03/system/redmine_app/redmine_system/rich/rich_files/rich_files/000/004/742/original/camera network_Dialog.png,,
rich_rich_files,4743,camera network_Dialog.png,/home/dqa03/system/redmine_app/redmine_system/rich/rich_files/rich_files/000/004/743/original/camera network_Dialog.png,,
rich_rich_files,4744,螢幕擷取畫面 2026-04-08 145416.png,/home/dqa03/system/redmine_app/redmine_system/rich/rich_files/rich_files/000/004/744/original/螢幕擷取畫面 2026-04-08 145416.png,,
rich_rich_files,4745,螢幕擷取畫面 2026-04-08 145520.png,/home/dqa03/system/redmine_app/redmine_system/rich/rich_files/rich_files/000/004/745/original/螢幕擷取畫面 2026-04-08 145520.png,,
rich_rich_files,4746,Media_Save.png,/home/dqa03/system/redmine_app/redmine_system/rich/rich_files/rich_files/000/004/746/original/Media_Save.png,,
rich_rich_files,4747,Media_Save.png,/home/dqa03/system/redmine_app/redmine_system/rich/rich_files/rich_files/000/004/747/original/Media_Save.png,,
rich_rich_files,4748,Media_recording.png,/home/dqa03/system/redmine_app/redmine_system/rich/rich_files/rich_files/000/004/748/original/Media_recording.png,,
rich_rich_files,4749,Media_recording.png,/home/dqa03/system/redmine_app/redmine_system/rich/rich_files/rich_files/000/004/749/original/Media_recording.png,,
rich_rich_files,4750,螢幕擷取畫面 2026-04-07 152656.png,/home/dqa03/system/redmine_app/redmine_system/rich/rich_files/rich_files/000/004/750/original/螢幕擷取畫面 2026-04-07 152656.png,,
rich_rich_files,4751,螢幕擷取畫面 2026-04-07 152840.png,/home/dqa03/system/redmine_app/redmine_system/rich/rich_files/rich_files/000/004/751/original/螢幕擷取畫面 2026-04-07 152840.png,,
rich_rich_files,4752,Media_Main.png,/home/dqa03/system/redmine_app/redmine_system/rich/rich_files/rich_files/000/004/752/original/Media_Main.png,,
rich_rich_files,4753,Media_Main.png,/home/dqa03/system/redmine_app/redmine_system/rich/rich_files/rich_files/000/004/753/original/Media_Main.png,,
rich_rich_files,4754,螢幕擷取畫面 2026-04-07 135217.png,/home/dqa03/system/redmine_app/redmine_system/rich/rich_files/rich_files/000/004/754/original/螢幕擷取畫面 2026-04-07 135217.png,,
rich_rich_files,4755,Media_未顯示數值.png,/home/dqa03/system/redmine_app/redmine_system/rich/rich_files/rich_files/000/004/755/original/Media_未顯示數值.png,,
rich_rich_files,4756,Media_顯示數值.png,/home/dqa03/system/redmine_app/redmine_system/rich/rich_files/rich_files/000/004/756/original/Media_顯示數值.png,,
rich_rich_files,4757,20260408_155734_290.png,/home/dqa03/system/redmine_app/redmine_system/rich/rich_files/rich_files/000/004/757/original/20260408_155734_290.png,,
rich_rich_files,4758,Media_disconnected.png,/home/dqa03/system/redmine_app/redmine_system/rich/rich_files/rich_files/000/004/758/original/Media_disconnected.png,,
rich_rich_files,4759,螢幕擷取畫面 2026-04-07 143315.png,/home/dqa03/system/redmine_app/redmine_system/rich/rich_files/rich_files/000/004/759/original/螢幕擷取畫面 2026-04-07 143315.png,,
rich_rich_files,4760,螢幕擷取畫面 2026-04-07 150859.png,/home/dqa03/system/redmine_app/redmine_system/rich/rich_files/rich_files/000/004/760/original/螢幕擷取畫面 2026-04-07 150859.png,,
rich_rich_files,4761,螢幕擷取畫面 2026-04-08 163347.png,/home/dqa03/system/redmine_app/redmine_system/rich/rich_files/rich_files/000/004/761/original/螢幕擷取畫面 2026-04-08 163347.png,,
rich_rich_files,4762,Media_disconnected.png,/home/dqa03/system/redmine_app/redmine_system/rich/rich_files/rich_files/000/004/762/original/Media_disconnected.png,,
rich_rich_files,4763,Media_disconnected.png,/home/dqa03/system/redmine_app/redmine_system/rich/rich_files/rich_files/000/004/763/original/Media_disconnected.png,,
rich_rich_files,4764,螢幕擷取畫面 2026-04-08 165237.png,/home/dqa03/system/redmine_app/redmine_system/rich/rich_files/rich_files/000/004/764/original/螢幕擷取畫面 2026-04-08 165237.png,,
rich_rich_files,4765,kAekB5xng8.png,/home/dqa03/system/redmine_app/redmine_system/rich/rich_files/rich_files/000/004/765/original/kAekB5xng8.png,,
rich_rich_files,4766,Media_Audio.png,/home/dqa03/system/redmine_app/redmine_system/rich/rich_files/rich_files/000/004/766/original/Media_Audio.png,,
rich_rich_files,4767,Media_Audio.png,/home/dqa03/system/redmine_app/redmine_system/rich/rich_files/rich_files/000/004/767/original/Media_Audio.png,,
rich_rich_files,4768,Media_Audio.png,/home/dqa03/system/redmine_app/redmine_system/rich/rich_files/rich_files/000/004/768/original/Media_Audio.png,,
rich_rich_files,4769,Media_Audio.png,/home/dqa03/system/redmine_app/redmine_system/rich/rich_files/rich_files/000/004/769/original/Media_Audio.png,,
rich_rich_files,4770,2026-04-09 102820.png,/home/dqa03/system/redmine_app/redmine_system/rich/rich_files/rich_files/000/004/770/original/2026-04-09 102820.png,,
rich_rich_files,4771,Media_Setup for this camera is not available.png,/home/dqa03/system/redmine_app/redmine_system/rich/rich_files/rich_files/000/004/771/original/Media_Setup for this camera is not available.png,,
rich_rich_files,4772,Media_No camera is added.png,/home/dqa03/system/redmine_app/redmine_system/rich/rich_files/rich_files/000/004/772/original/Media_No camera is added.png,,
rich_rich_files,4773,Media_Save.png,/home/dqa03/system/redmine_app/redmine_system/rich/rich_files/rich_files/000/004/773/original/Media_Save.png,,
rich_rich_files,4774,Media_Save.png,/home/dqa03/system/redmine_app/redmine_system/rich/rich_files/rich_files/000/004/774/original/Media_Save.png,,
rich_rich_files,4775,Media_Failed to save.png,/home/dqa03/system/redmine_app/redmine_system/rich/rich_files/rich_files/000/004/775/original/Media_Failed to save.png,,
rich_rich_files,4776,Media_Failed to save..png,/home/dqa03/system/redmine_app/redmine_system/rich/rich_files/rich_files/000/004/776/original/Media_Failed to save..png,,
rich_rich_files,4777,Media_Dialog.png,/home/dqa03/system/redmine_app/redmine_system/rich/rich_files/rich_files/000/004/777/original/Media_Dialog.png,,
rich_rich_files,4778,Media_Dialog.png,/home/dqa03/system/redmine_app/redmine_system/rich/rich_files/rich_files/000/004/778/original/Media_Dialog.png,,
rich_rich_files,4779,20260409 1406.PNG,/home/dqa03/system/redmine_app/redmine_system/rich/rich_files/rich_files/000/004/779/original/20260409 1406.PNG,,
rich_rich_files,4780,20260409 memory.PNG,/home/dqa03/system/redmine_app/redmine_system/rich/rich_files/rich_files/000/004/780/original/20260409 memory.PNG,,
rich_rich_files,4781,Media_Tooltip.png,/home/dqa03/system/redmine_app/redmine_system/rich/rich_files/rich_files/000/004/781/original/Media_Tooltip.png,,
rich_rich_files,4782,Media_Tooltip.png,/home/dqa03/system/redmine_app/redmine_system/rich/rich_files/rich_files/000/004/782/original/Media_Tooltip.png,,
rich_rich_files,4783,Media_Policy.png,/home/dqa03/system/redmine_app/redmine_system/rich/rich_files/rich_files/000/004/783/original/Media_Policy.png,,
rich_rich_files,4784,Media_Constant bit rate.png,/home/dqa03/system/redmine_app/redmine_system/rich/rich_files/rich_files/000/004/784/original/Media_Constant bit rate.png,,
rich_rich_files,4785,Media_藍圈圈.png,/home/dqa03/system/redmine_app/redmine_system/rich/rich_files/rich_files/000/004/785/original/Media_藍圈圈.png,,
rich_rich_files,4786,Media_藍圈圈.png,/home/dqa03/system/redmine_app/redmine_system/rich/rich_files/rich_files/000/004/786/original/Media_藍圈圈.png,,
rich_rich_files,4787,Media_ROI.png,/home/dqa03/system/redmine_app/redmine_system/rich/rich_files/rich_files/000/004/787/original/Media_ROI.png,,
rich_rich_files,4788,Media_ROI.png,/home/dqa03/system/redmine_app/redmine_system/rich/rich_files/rich_files/000/004/788/original/Media_ROI.png,,
rich_rich_files,4789,Media_ROI.png,/home/dqa03/system/redmine_app/redmine_system/rich/rich_files/rich_files/000/004/789/original/Media_ROI.png,,
rich_rich_files,4790,Media_Create ROI.png,/home/dqa03/system/redmine_app/redmine_system/rich/rich_files/rich_files/000/004/790/original/Media_Create ROI.png,,
rich_rich_files,4791,Media_Create ROI.png,/home/dqa03/system/redmine_app/redmine_system/rich/rich_files/rich_files/000/004/791/original/Media_Create ROI.png,,
rich_rich_files,4792,Media_Create ROI.png,/home/dqa03/system/redmine_app/redmine_system/rich/rich_files/rich_files/000/004/792/original/Media_Create ROI.png,,
rich_rich_files,4793,Media_Create ROI_Element.png,/home/dqa03/system/redmine_app/redmine_system/rich/rich_files/rich_files/000/004/793/original/Media_Create ROI_Element.png,,
rich_rich_files,4794,Media_ROI 游標.png,/home/dqa03/system/redmine_app/redmine_system/rich/rich_files/rich_files/000/004/794/original/Media_ROI 游標.png,,
rich_rich_files,4795,Media_Copy.png,/home/dqa03/system/redmine_app/redmine_system/rich/rich_files/rich_files/000/004/795/original/Media_Copy.png,,
rich_rich_files,4796,Media_Copy.png,/home/dqa03/system/redmine_app/redmine_system/rich/rich_files/rich_files/000/004/796/original/Media_Copy.png,,
rich_rich_files,4797,Media_Copy.png,/home/dqa03/system/redmine_app/redmine_system/rich/rich_files/rich_files/000/004/797/original/Media_Copy.png,,
rich_rich_files,4798,Media_Copy.png,/home/dqa03/system/redmine_app/redmine_system/rich/rich_files/rich_files/000/004/798/original/Media_Copy.png,,
rich_rich_files,4799,Media_Copy Dialog.PNG,/home/dqa03/system/redmine_app/redmine_system/rich/rich_files/rich_files/000/004/799/original/Media_Copy Dialog.PNG,,
rich_rich_files,4800,Media_Copy Dialog.png,/home/dqa03/system/redmine_app/redmine_system/rich/rich_files/rich_files/000/004/800/original/Media_Copy Dialog.png,,
rich_rich_files,4801,Media_Copy Dialog.png,/home/dqa03/system/redmine_app/redmine_system/rich/rich_files/rich_files/000/004/801/original/Media_Copy Dialog.png,,
rich_rich_files,4802,Bookmark_Grid.png,/home/dqa03/system/redmine_app/redmine_system/rich/rich_files/rich_files/000/004/802/original/Bookmark_Grid.png,,
rich_rich_files,4803,20260410 1400.PNG,/home/dqa03/system/redmine_app/redmine_system/rich/rich_files/rich_files/000/004/803/original/20260410 1400.PNG,,
rich_rich_files,4804,20260410 memory.PNG,/home/dqa03/system/redmine_app/redmine_system/rich/rich_files/rich_files/000/004/804/original/20260410 memory.PNG,,
rich_rich_files,4805,"Event, Recording的時間軸顯示超出範圍.png","/home/dqa03/system/redmine_app/redmine_system/rich/rich_files/rich_files/000/004/805/original/Event, Recording的時間軸顯示超出範圍.png",,
rich_rich_files,4806,螢幕擷取畫面 2026-04-09 133852.png,/home/dqa03/system/redmine_app/redmine_system/rich/rich_files/rich_files/000/004/806/original/螢幕擷取畫面 2026-04-09 133852.png,,
rich_rich_files,4807,20260409_133944_391.png,/home/dqa03/system/redmine_app/redmine_system/rich/rich_files/rich_files/000/004/807/original/20260409_133944_391.png,,
rich_rich_files,4808,螢幕擷取畫面 2026-04-09 150817.png,/home/dqa03/system/redmine_app/redmine_system/rich/rich_files/rich_files/000/004/808/original/螢幕擷取畫面 2026-04-09 150817.png,,
rich_rich_files,4809,20260409_151511_586.png,/home/dqa03/system/redmine_app/redmine_system/rich/rich_files/rich_files/000/004/809/original/20260409_151511_586.png,,
rich_rich_files,4810,螢幕擷取畫面 2026-04-09 161326.png,/home/dqa03/system/redmine_app/redmine_system/rich/rich_files/rich_files/000/004/810/original/螢幕擷取畫面 2026-04-09 161326.png,,
rich_rich_files,4811,2026-04-13_095524.png,/home/dqa03/system/redmine_app/redmine_system/rich/rich_files/rich_files/000/004/811/original/2026-04-13_095524.png,,
rich_rich_files,4812,螢幕擷取畫面 2026-04-10 175612.png,/home/dqa03/system/redmine_app/redmine_system/rich/rich_files/rich_files/000/004/812/original/螢幕擷取畫面 2026-04-10 175612.png,,
rich_rich_files,4813,20260413 1333.PNG,/home/dqa03/system/redmine_app/redmine_system/rich/rich_files/rich_files/000/004/813/original/20260413 1333.PNG,,
rich_rich_files,4814,20260413 memory.PNG,/home/dqa03/system/redmine_app/redmine_system/rich/rich_files/rich_files/000/004/814/original/20260413 memory.PNG,,
rich_rich_files,4815,Network_IP and gateway should be on the same network segment..png,/home/dqa03/system/redmine_app/redmine_system/rich/rich_files/rich_files/000/004/815/original/Network_IP and gateway should be on the same network segment..png,,
rich_rich_files,4816,Network_使用非法字元.png,/home/dqa03/system/redmine_app/redmine_system/rich/rich_files/rich_files/000/004/816/original/Network_使用非法字元.png,,
rich_rich_files,4817,Network_使用非法字元.png,/home/dqa03/system/redmine_app/redmine_system/rich/rich_files/rich_files/000/004/817/original/Network_使用非法字元.png,,
rich_rich_files,4818,Network_不符合輸入限制.png,/home/dqa03/system/redmine_app/redmine_system/rich/rich_files/rich_files/000/004/818/original/Network_不符合輸入限制.png,,
rich_rich_files,4819,motion detection window與spec長不一樣.png,/home/dqa03/system/redmine_app/redmine_system/rich/rich_files/rich_files/000/004/819/original/motion detection window與spec長不一樣.png,,
rich_rich_files,4820,螢幕擷取畫面 2026-04-10 140141.png,/home/dqa03/system/redmine_app/redmine_system/rich/rich_files/rich_files/000/004/820/original/螢幕擷取畫面 2026-04-10 140141.png,,
rich_rich_files,4821,最大3個 motion window.png,/home/dqa03/system/redmine_app/redmine_system/rich/rich_files/rich_files/000/004/821/original/最大3個 motion window.png,,
rich_rich_files,4822,螢幕擷取畫面 2026-04-13 134144.png,/home/dqa03/system/redmine_app/redmine_system/rich/rich_files/rich_files/000/004/822/original/螢幕擷取畫面 2026-04-13 134144.png,,
rich_rich_files,4823,螢幕擷取畫面 2026-04-13 140205.png,/home/dqa03/system/redmine_app/redmine_system/rich/rich_files/rich_files/000/004/823/original/螢幕擷取畫面 2026-04-13 140205.png,,
rich_rich_files,4824,螢幕擷取畫面 2026-04-13 155128.png,/home/dqa03/system/redmine_app/redmine_system/rich/rich_files/rich_files/000/004/824/original/螢幕擷取畫面 2026-04-13 155128.png,,
rich_rich_files,4825,Media_quality.PNG,/home/dqa03/system/redmine_app/redmine_system/rich/rich_files/rich_files/000/004/825/original/Media_quality.PNG,,
rich_rich_files,4826,20260414 1320.PNG,/home/dqa03/system/redmine_app/redmine_system/rich/rich_files/rich_files/000/004/826/original/20260414 1320.PNG,,
rich_rich_files,4827,20260414 memory.PNG,/home/dqa03/system/redmine_app/redmine_system/rich/rich_files/rich_files/000/004/827/original/20260414 memory.PNG,,
rich_rich_files,4828,螢幕擷取畫面 2026-04-13 155128.png,/home/dqa03/system/redmine_app/redmine_system/rich/rich_files/rich_files/000/004/828/original/螢幕擷取畫面 2026-04-13 155128.png,,
rich_rich_files,4829,Media_輸入錯誤字元.png,/home/dqa03/system/redmine_app/redmine_system/rich/rich_files/rich_files/000/004/829/original/Media_輸入錯誤字元.png,,
rich_rich_files,4830,Media_無輸入字元.png,/home/dqa03/system/redmine_app/redmine_system/rich/rich_files/rich_files/000/004/830/original/Media_無輸入字元.png,,
rich_rich_files,4831,20260413_175840_216.png,/home/dqa03/system/redmine_app/redmine_system/rich/rich_files/rich_files/000/004/831/original/20260413_175840_216.png,,
rich_rich_files,4832,Media_無 Maximum bit rate.png,/home/dqa03/system/redmine_app/redmine_system/rich/rich_files/rich_files/000/004/832/original/Media_無 Maximum bit rate.png,,
rich_rich_files,4833,Media_無 Fixed quality.png,/home/dqa03/system/redmine_app/redmine_system/rich/rich_files/rich_files/000/004/833/original/Media_無 Fixed quality.png,,
rich_rich_files,4834,Media_不會呈現 ....png,/home/dqa03/system/redmine_app/redmine_system/rich/rich_files/rich_files/000/004/834/original/Media_不會呈現 ....png,,
rich_rich_files,4835,Port forwarding_no camera.PNG,/home/dqa03/system/redmine_app/redmine_system/rich/rich_files/rich_files/000/004/835/original/Port forwarding_no camera.PNG,,
rich_rich_files,4836,20260415 1336.PNG,/home/dqa03/system/redmine_app/redmine_system/rich/rich_files/rich_files/000/004/836/original/20260415 1336.PNG,,
rich_rich_files,4837,20260415 memory.PNG,/home/dqa03/system/redmine_app/redmine_system/rich/rich_files/rich_files/000/004/837/original/20260415 memory.PNG,,
rich_rich_files,4838,螢幕擷取畫面 2026-04-15 135548.png,/home/dqa03/system/redmine_app/redmine_system/rich/rich_files/rich_files/000/004/838/original/螢幕擷取畫面 2026-04-15 135548.png,,
rich_rich_files,4839,Image.jpg,/home/dqa03/system/redmine_app/redmine_system/rich/rich_files/rich_files/000/004/839/original/Image.jpg,,
rich_rich_files,4840,螢幕擷取畫面 2026-04-15 172449.png,/home/dqa03/system/redmine_app/redmine_system/rich/rich_files/rich_files/000/004/840/original/螢幕擷取畫面 2026-04-15 172449.png,,
rich_rich_files,4841,20260415_172859_914.png,/home/dqa03/system/redmine_app/redmine_system/rich/rich_files/rich_files/000/004/841/original/20260415_172859_914.png,,
rich_rich_files,4842,20260415_173100_391.png,/home/dqa03/system/redmine_app/redmine_system/rich/rich_files/rich_files/000/004/842/original/20260415_173100_391.png,,
rich_rich_files,4843,螢幕擷取畫面 2026-04-16 092756.png,/home/dqa03/system/redmine_app/redmine_system/rich/rich_files/rich_files/000/004/843/original/螢幕擷取畫面 2026-04-16 092756.png,,
rich_rich_files,4844,Settings.png,/home/dqa03/system/redmine_app/redmine_system/rich/rich_files/rich_files/000/004/844/original/Settings.png,,
rich_rich_files,4845,Homepage.png,/home/dqa03/system/redmine_app/redmine_system/rich/rich_files/rich_files/000/004/845/original/Homepage.png,,
rich_rich_files,4846,settings.png,/home/dqa03/system/redmine_app/redmine_system/rich/rich_files/rich_files/000/004/846/original/settings.png,,
rich_rich_files,4847,螢幕擷取畫面 2026-04-16 110916.jpg,/home/dqa03/system/redmine_app/redmine_system/rich/rich_files/rich_files/000/004/847/original/螢幕擷取畫面 2026-04-16 110916.jpg,,
rich_rich_files,4848,motion.png,/home/dqa03/system/redmine_app/redmine_system/rich/rich_files/rich_files/000/004/848/original/motion.png,,
rich_rich_files,4849,Port forwarding_名稱過長.png,/home/dqa03/system/redmine_app/redmine_system/rich/rich_files/rich_files/000/004/849/original/Port forwarding_名稱過長.png,,
rich_rich_files,4850,Port forwarding_Invalid port.png,/home/dqa03/system/redmine_app/redmine_system/rich/rich_files/rich_files/000/004/850/original/Port forwarding_Invalid port.png,,
rich_rich_files,4851,螢幕擷取畫面 2026-04-16 095821.png,/home/dqa03/system/redmine_app/redmine_system/rich/rich_files/rich_files/000/004/851/original/螢幕擷取畫面 2026-04-16 095821.png,,
rich_rich_files,4852,螢幕擷取畫面 2026-04-16 095848.png,/home/dqa03/system/redmine_app/redmine_system/rich/rich_files/rich_files/000/004/852/original/螢幕擷取畫面 2026-04-16 095848.png,,
rich_rich_files,4853,螢幕擷取畫面 2026-04-16 155724.png,/home/dqa03/system/redmine_app/redmine_system/rich/rich_files/rich_files/000/004/853/original/螢幕擷取畫面 2026-04-16 155724.png,,
rich_rich_files,4854,螢幕擷取畫面 2026-04-16 155656.png,/home/dqa03/system/redmine_app/redmine_system/rich/rich_files/rich_files/000/004/854/original/螢幕擷取畫面 2026-04-16 155656.png,,
rich_rich_files,4855,Live_Create new scene.png,/home/dqa03/system/redmine_app/redmine_system/rich/rich_files/rich_files/000/004/855/original/Live_Create new scene.png,,
rich_rich_files,4856,20260417_095953_038.png,/home/dqa03/system/redmine_app/redmine_system/rich/rich_files/rich_files/000/004/856/original/20260417_095953_038.png,,
rich_rich_files,4857,螢幕擷取畫面 2026-04-17 101010.png,/home/dqa03/system/redmine_app/redmine_system/rich/rich_files/rich_files/000/004/857/original/螢幕擷取畫面 2026-04-17 101010.png,,
rich_rich_files,4858,16d.PNG,/home/dqa03/system/redmine_app/redmine_system/rich/rich_files/rich_files/000/004/858/original/16d.PNG,,
rich_rich_files,4860,螢幕擷取畫面 2026-04-17 105745.png,/home/dqa03/system/redmine_app/redmine_system/rich/rich_files/rich_files/000/004/860/original/螢幕擷取畫面 2026-04-17 105745.png,,
rich_rich_files,4861,20260417 1113.PNG,/home/dqa03/system/redmine_app/redmine_system/rich/rich_files/rich_files/000/004/861/original/20260417 1113.PNG,,
rich_rich_files,4862,20260417 memory.PNG,/home/dqa03/system/redmine_app/redmine_system/rich/rich_files/rich_files/000/004/862/original/20260417 memory.PNG,,
rich_rich_files,4863,J.2.2_Rotation.png,/home/dqa03/system/redmine_app/redmine_system/rich/rich_files/rich_files/000/004/863/original/J.2.2_Rotation.png,,
rich_rich_files,4864,Create new scene_layout.png,/home/dqa03/system/redmine_app/redmine_system/rich/rich_files/rich_files/000/004/864/original/Create new scene_layout.png,,
rich_rich_files,4865,Create new scene_layout.png,/home/dqa03/system/redmine_app/redmine_system/rich/rich_files/rich_files/000/004/865/original/Create new scene_layout.png,,
rich_rich_files,4866,20260417_143222_012.png,/home/dqa03/system/redmine_app/redmine_system/rich/rich_files/rich_files/000/004/866/original/20260417_143222_012.png,,
rich_rich_files,4867,螢幕擷取畫面 2026-04-17 143348.png,/home/dqa03/system/redmine_app/redmine_system/rich/rich_files/rich_files/000/004/867/original/螢幕擷取畫面 2026-04-17 143348.png,,
rich_rich_files,4868,2026-04-17_170353.jpg,/home/dqa03/system/redmine_app/redmine_system/rich/rich_files/rich_files/000/004/868/original/2026-04-17_170353.jpg,,
rich_rich_files,4869,螢幕擷取畫面 2026-04-16 155656.png,/home/dqa03/system/redmine_app/redmine_system/rich/rich_files/rich_files/000/004/869/original/螢幕擷取畫面 2026-04-16 155656.png,,
rich_rich_files,4871,螢幕擷取畫面 2026-04-16 155656 - 複製.png,/home/dqa03/system/redmine_app/redmine_system/rich/rich_files/rich_files/000/004/871/original/螢幕擷取畫面 2026-04-16 155656 - 複製.png,,
rich_rich_files,4872,20260420 1342.PNG,/home/dqa03/system/redmine_app/redmine_system/rich/rich_files/rich_files/000/004/872/original/20260420 1342.PNG,,
rich_rich_files,4873,20260420 memory.PNG,/home/dqa03/system/redmine_app/redmine_system/rich/rich_files/rich_files/000/004/873/original/20260420 memory.PNG,,
attachments,5688,Accessory_Test_Report_AW-FED-1000-120 PoE Switch.xlsx,/home/dqa03/system/redmine_app/files/140408151305_dd7d5fddf410469a85a5d68e21cb475b.xlsx,,
attachments,5689,Accessory_Test_Report_AW-FED-1600-120  PoE Switch_20140408.xlsx,/home/dqa03/system/redmine_app/files/140408151305_4c9ad26c065f30dfd769c8e096389d4e.xlsx,,
attachments,5690,exposure.jpg,/home/dqa03/system/redmine_app/files/140408151443_exposure.jpg,,
attachments,5691,2014-04-08_150757.jpg,/home/dqa03/system/redmine_app/files/140408151724_2014-04-08_150757.jpg,,
attachments,5692,license.jpg,/home/dqa03/system/redmine_app/files/140408153116_license.jpg,,
attachments,5693,suggestion1.jpg,/home/dqa03/system/redmine_app/files/140408154113_suggestion1.jpg,,
attachments,5694,message.bmp,/home/dqa03/system/redmine_app/files/140408224536_message.bmp,,
attachments,5695,[wall001_com]_1600_cat_Majestic_Eyes.jpg,/home/dqa03/system/redmine_app/files/140408224609_8353d2c1596f114f5dd2bca181710a53.jpg,,
attachments,5696,picture857-1.png,/home/dqa03/system/redmine_app/files/140408225226_picture857-1.png,,
attachments,5697,[wall001_com]_1600_cat_Majestic_Eyes.jpg,/home/dqa03/system/redmine_app/files/140408230006_8353d2c1596f114f5dd2bca181710a53.jpg,,
attachments,5698,[wall001_com]_1600_cat_wallpapers_18015.jpg,/home/dqa03/system/redmine_app/files/140408230445_a32d9ea3c5eafe0d852155fea99a6149.jpg,,
attachments,5699,[wall001_com]_1600_cat_Majestic_Eyes.jpg,/home/dqa03/system/redmine_app/files/140408231218_8353d2c1596f114f5dd2bca181710a53.jpg,,
attachments,5700,[wall001_com]_1600_cat_wallpapersThinking_of_You.jpg,/home/dqa03/system/redmine_app/files/140408231531_88a59a8ba506d94bdc71dfc6acbf5adc.jpg,,
attachments,5701,[wall001_com]_1600_cat_Majestic_Eyes.jpg,/home/dqa03/system/redmine_app/files/140408234632_8353d2c1596f114f5dd2bca181710a53.jpg,,
attachments,5702,VIVOTEK.jpg,/home/dqa03/system/redmine_app/files/140408234704_VIVOTEK.jpg,,
attachments,6964,calibrate tool snapshot-2(identical調暗的地方為亮).png,/home/dqa03/system/redmine_app/files/140523150711_2ae249a7768af9378c5b09d07816d4bb.png,,
attachments,6965,calibrate tool snapshot-3(identical調亮的地方為亮).png,/home/dqa03/system/redmine_app/files/140523150711_3a44b326ca3b38d59a243adacd33090b.png,,
attachments,6966,IP8136W-ALAM.png,/home/dqa03/system/redmine_app/files/140523151652_IP8136W-ALAM.png,,
attachments,6967,tampering detection.png,/home/dqa03/system/redmine_app/files/140523152304_5859b5fc4d28c1a9ed412ef1fc89a102.png,,
attachments,6971,PTZ-ESP-1.jpg,/home/dqa03/system/redmine_app/files/140523155513_PTZ-ESP-1.jpg,,
attachments,6972,PTZ-ESP-2.jpg,/home/dqa03/system/redmine_app/files/140523155513_PTZ-ESP-2.jpg,,
attachments,6973,tampering detection.png,/home/dqa03/system/redmine_app/files/140523155634_5859b5fc4d28c1a9ed412ef1fc89a102.png,,
attachments,6975,2014-05-23_132953.jpg,/home/dqa03/system/redmine_app/files/140523155829_2014-05-23_132953.jpg,,
attachments,6977,Content management-Fra.jpg,/home/dqa03/system/redmine_app/files/140523160200_8732504b6103848522e2b096a71ef63a.jpg,,
attachments,6979,2014-05-23_114001.jpg,/home/dqa03/system/redmine_app/files/140523160919_2014-05-23_114001.jpg,,
attachments,6980,Video_2014-05-23_161358.wmv,/home/dqa03/system/redmine_app/files/140523161556_Video_2014-05-23_161358.wmv,,
attachments,6981,motion-frame-drop.wmv,/home/dqa03/system/redmine_app/files/140523163246_motion-frame-drop.wmv,,
attachments,6982,frame-drop-backup-MD8562-VVTK-0201a.tar.gz,/home/dqa03/system/redmine_app/files/140523163246_frame-drop-backup-MD8562-VVTK-0201a.tar.gz,,
attachments,6985,"DCR,DCN-IP8136W-ALAM-0101c-韌體變更.doc",/home/dqa03/system/redmine_app/files/140523172001_199ebc8d9f1e434be586b6ffebbbdbfb.doc,,
attachments,6986,"DCR,DCN-IP8136W-ALAM-0101c-韌體變更規格書.doc",/home/dqa03/system/redmine_app/files/140523172001_baa615e7806f118bd8b745c071d40d6f.doc,,
attachments,6987,Testing_list_IB8156-VVTK-0100d.docx,/home/dqa03/system/redmine_app/files/140523175800_Testing_list_IB8156-VVTK-0100d.docx,,
attachments,6989,Video_2014-05-23_175920.wmv,/home/dqa03/system/redmine_app/files/140523181348_Video_2014-05-23_175920.wmv,,
attachments,6990,MD8531H_Test_Report_v13.12.pdf,/home/dqa03/system/redmine_app/files/140523183528_MD8531H_Test_Report_v13.12.pdf,,
attachments,6991,Content management-Fra.jpg,/home/dqa03/system/redmine_app/files/140523160200_8732504b6103848522e2b096a71ef63a.jpg,,
attachments,6995,Testing_list_SD8363E-VVTK-0203a.docx,/home/dqa03/system/redmine_app/files/140523203901_Testing_list_SD8363E-VVTK-0203a.docx,,
attachments,6996,backup-FE8181-VVTK-0100a(motion_privacy_error).tar.gz,/home/dqa03/system/redmine_app/files/140523214127_8119baf50494f3ad5d9a71bf1a90e02e.gz,,
attachments,6997,2014-05-23_214058.jpg,/home/dqa03/system/redmine_app/files/140523214127_2014-05-23_214058.jpg,,
attachments,6998,Testing_list_VC8201-0100e.docx,/home/dqa03/system/redmine_app/files/140524092718_Testing_list_VC8201-0100e.docx,,
attachments,7000,172.19.11.13 backup-FE8181-VVTK-0100a.tar.gz,/home/dqa03/system/redmine_app/files/140524093748_f759ad1736baf44a9c89cf89da483471.gz,,
attachments,7001,172.19.11.13 report-FE8181-VVTK-0100a.tar.gz,/home/dqa03/system/redmine_app/files/140524093748_4e69dbe0dfef7a89d9f0c6d38316ff8a.gz,,
attachments,7002,172.19.11.73 report-FE8181-VVTK-0100a.tar.gz,/home/dqa03/system/redmine_app/files/140524093748_ceae453cf970a1c0175662179f443975.gz,,
attachments,7003,172.19.11.73backup-FE8181-VVTK-0100a.tar.gz,/home/dqa03/system/redmine_app/files/140524093748_172.19.11.73backup-FE8181-VVTK-0100a.tar.gz,,
attachments,7004,RE  測試問題請教.msg,/home/dqa03/system/redmine_app/files/140524093748_cea57079cfb86315edb870b698daee03.msg,,
attachments,7005,2014-05-24_102951.jpg,/home/dqa03/system/redmine_app/files/140524103536_2014-05-24_102951.jpg,,
attachments,7006,建議移除Actions list中的Digital Output項目.jpg,/home/dqa03/system/redmine_app/files/140524112157_00b4e697c43227462f120a084d25ad5d.jpg,,
attachments,7007,2014-05-24_112226.jpg,/home/dqa03/system/redmine_app/files/140524112553_2014-05-24_112226.jpg,,
attachments,7008,picture743-1.png,/home/dqa03/system/redmine_app/files/140524113216_picture743-1.png,,
attachments,7031,JPEG(30fps_toNAS)-24.mp4,/home/dqa03/system/redmine_app/files/140524175525_e9cc204f5af1bab535fb61e79699d230.mp4,,
attachments,7586,backup-FE8181-VVTK-0100a(motion_privacy_error).tar.gz,/home/dqa03/system/redmine_app/files/140523214127_8119baf50494f3ad5d9a71bf1a90e02e.gz,,
attachments,7587,2014-05-23_214058.jpg,/home/dqa03/system/redmine_app/files/140523214127_2014-05-23_214058.jpg,,
attachments,7696,Content management-Fra.jpg,/home/dqa03/system/redmine_app/files/140523160200_8732504b6103848522e2b096a71ef63a.jpg,,
attachments,7699,PTZ-ESP-1.jpg,/home/dqa03/system/redmine_app/files/140523155513_PTZ-ESP-1.jpg,,
attachments,7700,PTZ-ESP-2.jpg,/home/dqa03/system/redmine_app/files/140523155513_PTZ-ESP-2.jpg,,
attachments,7740,backup-FE8181-VVTK-0100a(motion_privacy_error).tar.gz,/home/dqa03/system/redmine_app/files/140523214127_8119baf50494f3ad5d9a71bf1a90e02e.gz,,
attachments,7741,2014-05-23_214058.jpg,/home/dqa03/system/redmine_app/files/140523214127_2014-05-23_214058.jpg,,
attachments,8090,IP8136W-ALAM.png,/home/dqa03/system/redmine_app/files/140523151652_IP8136W-ALAM.png,,
attachments,8288,PTZ-ESP-1.jpg,/home/dqa03/system/redmine_app/files/140523155513_PTZ-ESP-1.jpg,,
attachments,8289,PTZ-ESP-2.jpg,/home/dqa03/system/redmine_app/files/140523155513_PTZ-ESP-2.jpg,,
attachments,9015,FD8169-VVTK-0100b_ONVIF_fail1.png,/home/dqa03/system/redmine_app/files/140717213051_FD8169-VVTK-0100b_ONVIF_fail1.png,,
attachments,9016,FD8169-VVTK-0100b_ONVIF_fail2.png,/home/dqa03/system/redmine_app/files/140717213051_FD8169-VVTK-0100b_ONVIF_fail2.png,,
attachments,9017,FD8169-VVTK-0100b_ONVIF_fail3.png,/home/dqa03/system/redmine_app/files/140717213051_FD8169-VVTK-0100b_ONVIF_fail3.png,,
attachments,9018,FD8169-VVTK-0100b_ONVIF_fail4.png,/home/dqa03/system/redmine_app/files/140717213051_FD8169-VVTK-0100b_ONVIF_fail4.png,,
attachments,9019,協請 新增 FD8169 IB8369 in VAST CameraDevicePack.msg,/home/dqa03/system/redmine_app/files/140717213757_0cca455b46c26d92cbde0f9226abcfd2.msg,,
attachments,9020,2014-07-18_092716.png,/home/dqa03/system/redmine_app/files/140718092736_2014-07-18_092716.png,,
attachments,9021,2014-07-18_092716.png,/home/dqa03/system/redmine_app/files/140718092842_2014-07-18_092716.png,,
attachments,9022,2014-07-17_204024.jpg,/home/dqa03/system/redmine_app/files/140718093641_2014-07-17_204024.jpg,,
attachments,9023,FE8173-VVTK-0202g_Testing_List.docx,/home/dqa03/system/redmine_app/files/140718094717_FE8173-VVTK-0202g_Testing_List.docx,,
attachments,9024,FE8173-VVTK-0202g_Testing_List.docx,/home/dqa03/system/redmine_app/files/140718094740_FE8173-VVTK-0202g_Testing_List.docx,,
attachments,9025,2014-07-18_095220.png,/home/dqa03/system/redmine_app/files/140718095218_2014-07-18_095220.png,,
attachments,9026,FE8173_調整低Quality.jpg,/home/dqa03/system/redmine_app/files/140718100628_df4c6aee99e25efd1a13e8bafc0d7f15.jpg,,
attachments,9027,FE8173_調整高Quality.jpg,/home/dqa03/system/redmine_app/files/140718100629_ffd6af32f6a2b80255447bbf26964741.jpg,,
attachments,9028,IP8355-VVTK-0200b Testing_list.docx,/home/dqa03/system/redmine_app/files/140718105130_e1117e0a2083d4a51e6500aa5d0253f0.docx,,
attachments,9029,IP8365-VVTK-0200b Testing_list.docx,/home/dqa03/system/redmine_app/files/140718105210_6464a7524f00133f3ac76061e1eba2ec.docx,,
attachments,9030,FD8169_IB8369-VVTK-0100b_Testing_list.docx,/home/dqa03/system/redmine_app/files/140718105304_FD8169_IB8369-VVTK-0100b_Testing_list.docx,,
attachments,9057,VS8401_PTZ_Preset_Button_Slider.wmv,/home/dqa03/system/redmine_app/files/140718163433_VS8401_PTZ_Preset_Button_Slider.wmv,,
attachments,9058,VS8401_PTZ_Preset_Button_Slider.wmv,/home/dqa03/system/redmine_app/files/140718163433_VS8401_PTZ_Preset_Button_Slider.wmv,,
attachments,9059,2014-07-18_163303.jpg,/home/dqa03/system/redmine_app/files/140718164331_2014-07-18_163303.jpg,,
attachments,9060,PTZ Preset Positions.wmv,/home/dqa03/system/redmine_app/files/140718164430_2cb8daa942722eaaeb4bb7b3f3b394d1.wmv,,
attachments,9061,PTZ Preset Positions.wmv,/home/dqa03/system/redmine_app/files/140718164430_2cb8daa942722eaaeb4bb7b3f3b394d1.wmv,,
attachments,9062,VS8401_PTZ_Preset_Button_Slider.wmv,/home/dqa03/system/redmine_app/files/140718165104_VS8401_PTZ_Preset_Button_Slider.wmv,,
attachments,9063,VS8401_PTZ_Preset_Button_Slider.wmv,/home/dqa03/system/redmine_app/files/140718165104_VS8401_PTZ_Preset_Button_Slider.wmv,,
attachments,9064,Multicast Protocol streaming.wmv,/home/dqa03/system/redmine_app/files/140718171104_8e0d0eda66309d79ab86fc6c4480103f.wmv,,
attachments,9065,Corporate PTZ protocol.jpg,/home/dqa03/system/redmine_app/files/140718171837_1f55efff832cec4e47e8d39e3728d1c7.jpg,,
attachments,9066,License Information_2.jpg,/home/dqa03/system/redmine_app/files/140718171905_802181c1a8a9c34aca24ce7e7972da2b.jpg,,
attachments,9067,Corporate PTZ protocol.jpg,/home/dqa03/system/redmine_app/files/140718171837_1f55efff832cec4e47e8d39e3728d1c7.jpg,,
attachments,9068,2014-07-18_171806.jpg,/home/dqa03/system/redmine_app/files/140718172519_2014-07-18_171806.jpg,,
attachments,9069,2014-07-18_171806.jpg,/home/dqa03/system/redmine_app/files/140718172519_2014-07-18_171806.jpg,,
attachments,9071,Testing_list_FD8169-IB8369-VVTK-0100b.docx,/home/dqa03/system/redmine_app/files/140718180134_Testing_list_FD8169-IB8369-VVTK-0100b.docx,,
attachments,9072,VC8201.png,/home/dqa03/system/redmine_app/files/140718181106_VC8201.png,,
attachments,9073,PTZ_type3.wmv,/home/dqa03/system/redmine_app/files/140718182003_PTZ_type3.wmv,,
attachments,9074,PTZ_type3.wmv,/home/dqa03/system/redmine_app/files/140718182003_PTZ_type3.wmv,,
attachments,9075,picture585-1.png,/home/dqa03/system/redmine_app/files/140718182820_picture585-1.png,,
attachments,9076,8f1031f.patch,/home/dqa03/system/redmine_app/files/140718183309_8f1031f.patch,,
attachments,9077,WI-RD-09-01-4_CD Checking List_FD8152V_20140718.docx,/home/dqa03/system/redmine_app/files/140718183818_d52ce2610770ac7a3dcc59e3ae9bf45d.docx,,
attachments,9078,VC8201-seamless.png,/home/dqa03/system/redmine_app/files/140718185725_VC8201-seamless.png,,
attachments,9082,FE8173-VVTK-0202g_Milestone_Testing_List.docx,/home/dqa03/system/redmine_app/files/140718194302_FE8173-VVTK-0202g_Milestone_Testing_List.docx,,
attachments,9186,2014-07-18_163303.jpg,/home/dqa03/system/redmine_app/files/140718164331_2014-07-18_163303.jpg,,
attachments,9225,2014-07-18_163303.jpg,/home/dqa03/system/redmine_app/files/140718164331_2014-07-18_163303.jpg,,
attachments,9602,Corporate PTZ protocol.jpg,/home/dqa03/system/redmine_app/files/140718171837_1f55efff832cec4e47e8d39e3728d1c7.jpg,,
attachments,9698,Corporate PTZ protocol.jpg,/home/dqa03/system/redmine_app/files/140718171837_1f55efff832cec4e47e8d39e3728d1c7.jpg,,
attachments,10519,Corporate PTZ protocol.jpg,/home/dqa03/system/redmine_app/files/140718171837_1f55efff832cec4e47e8d39e3728d1c7.jpg,,
attachments,10668,add two devices.png,/home/dqa03/system/redmine_app/files/140822102340_a12aedf2c4ad8d3fcb5f92c5daab5365.png,,
attachments,10669,query devices.png,/home/dqa03/system/redmine_app/files/140822102340_2ca0af0ef931c9878b225d69ea662977.png,,
attachments,10676,DS-G416F.rtf,/home/dqa03/system/redmine_app/files/140822121110_DS-G416F.rtf,,
attachments,10677,DS-G626I_V1.0.docx,/home/dqa03/system/redmine_app/files/140822121110_DS-G626I_V1.0.docx,,
attachments,10678,resetpwd.png,/home/dqa03/system/redmine_app/files/140822144705_resetpwd.png,,
attachments,10679,resetpw.jpg,/home/dqa03/system/redmine_app/files/140822145607_resetpw.jpg,,
attachments,10680,AWB_20140815_183212M.jpg,/home/dqa03/system/redmine_app/files/140822151043_AWB_20140815_183212M.jpg,,
attachments,10681,AWB_20140816_051713M.jpg,/home/dqa03/system/redmine_app/files/140822151043_AWB_20140816_051713M.jpg,,
attachments,10682,錄製_2014_08_22_15_09_36_707.mp4,/home/dqa03/system/redmine_app/files/140822151700_c3af9a53bc9683ee12d074930d7a3540.mp4,,
attachments,10683,steps.png,/home/dqa03/system/redmine_app/files/140822152128_steps.png,,
attachments,10684,2014-08-22_150045.png,/home/dqa03/system/redmine_app/files/140822152251_2014-08-22_150045.png,,
attachments,10685,2014-08-22_150045.png,/home/dqa03/system/redmine_app/files/140822152251_2014-08-22_150045.png,,
attachments,10686,2014-08-22_152744.png,/home/dqa03/system/redmine_app/files/140822153351_2014-08-22_152744.png,,
attachments,10687,2014-08-22_152744.png,/home/dqa03/system/redmine_app/files/140822153351_2014-08-22_152744.png,,
attachments,10688,2014-08-22_144612.png,/home/dqa03/system/redmine_app/files/140822153938_2014-08-22_144612.png,,
attachments,10851,Image.jpg,/home/dqa03/system/redmine_app/files/140827134253_Image.jpg,,
attachments,11106,Testing_list_SD8161-VVTK-0100c_ramax.docx,/home/dqa03/system/redmine_app/files/140902102054_Testing_list_SD8161-VVTK-0100c_ramax.docx,,
attachments,11107,Testing_list_SD8161-VVTK-0100c_ramax.docx,/home/dqa03/system/redmine_app/files/140902102147_Testing_list_SD8161-VVTK-0100c_ramax.docx,,
attachments,11923,UPNP.png,/home/dqa03/system/redmine_app/files/140922192129_UPNP.png,,
attachments,12155,2014-09-29_161640.jpg,/home/dqa03/system/redmine_app/files/140929161655_2014-09-29_161640.jpg,,
attachments,12156,backup-IB8381-VVTK-0100c.tar.gz,/home/dqa03/system/redmine_app/files/140929163645_backup-IB8381-VVTK-0100c.tar.gz,,
attachments,12157,[Enterprise] Test that Dual-streaming works. (啟用 Dual-streaming 功能，導致 Smart Client 影像停止)_FE8180.wmv,/home/dqa03/system/redmine_app/files/140929171701_26e0c03080789d5d227a0e03cbcda0e4.wmv,,
attachments,12158,fix_wb_6500k.jpg,/home/dqa03/system/redmine_app/files/140929172347_fix_wb_6500k.jpg,,
attachments,12159,fix_wb_6500k_colorerror.png,/home/dqa03/system/redmine_app/files/140929172347_fix_wb_6500k_colorerror.png,,
attachments,12160,CompareCapabitlityAuto-spec-sheet_v3.1_SD8366E_v1.1_RD0929.xlsx,/home/dqa03/system/redmine_app/files/140929174748_CompareCapabitlityAuto-spec-sheet_v3.1_SD8366E_v1.1_RD0929.xlsx,,
attachments,12161,vadp license.png,/home/dqa03/system/redmine_app/files/140929182437_ee9765c1f6e2300e7be5ff8be823a172.png,,
attachments,12162,h264_jpeg.png,/home/dqa03/system/redmine_app/files/140929192621_h264_jpeg.png,,
attachments,12163,Bug parameter頁面不應該有eptz failed的訊息.jpg,/home/dqa03/system/redmine_app/files/140929205502_4bc989e2f4ce29fb22550df5458990a1.jpg,,
attachments,12164,Full_View.jpg,/home/dqa03/system/redmine_app/files/140929215351_Full_View.jpg,,
attachments,12165,BLC.jpg,/home/dqa03/system/redmine_app/files/140929215351_BLC.jpg,,
attachments,12166,移出DayNight_settings.jpg,/home/dqa03/system/redmine_app/files/140929220316_850890cd60d7c3a4811af8de24cd6595.jpg,,
attachments,12167,IP816A-HP_Test3.jpg,/home/dqa03/system/redmine_app/files/140930093940_IP816A-HP_Test3.jpg,,
attachments,12168,CBug 建議將light sensor sensitivity的描述修改.jpg,/home/dqa03/system/redmine_app/files/140930102936_3e548f775c7c9a3fb6a81573772e98a0.jpg,,
attachments,12169,"ECR導入之確認事項與評估-ECR,ECN-[BOM變更]-IB8367,FD8167,FD8367V解決DO電子負載機測試Inrush.Current.Issue(林佳慶).docx",/home/dqa03/system/redmine_app/files/140930102939_3b100b448b942dc9293056e82eb8f707.docx,,
attachments,12170,SD8161_0100e_7Fail.7z,/home/dqa03/system/redmine_app/files/140930103106_SD8161_0100e_7Fail.7z,,
attachments,12171,CBug 當執行auto tracking的畫面上應該要顯示tracking字體.jpg,/home/dqa03/system/redmine_app/files/140930103923_7a403bcb7f553bc30ceadb91844cd262.jpg,,
attachments,12172,Video_2014-09-30_100245.wmv,/home/dqa03/system/redmine_app/files/140930105314_Video_2014-09-30_100245.wmv,,
attachments,12173,20140930_095252.mp4,/home/dqa03/system/redmine_app/files/140930105348_20140930_095252.mp4,,
attachments,12174,pmask motion.PNG,/home/dqa03/system/redmine_app/files/140930105348_e07f139315ed259483d90928445ea703.PNG,,
attachments,12175,"Testing_list_FD8173-H,FD8373-EHV,IB8373-EH-VVTK-0100e.docx",/home/dqa03/system/redmine_app/files/140930110608_51f21ffca6e991f46a01e3d692f207b0.docx,,
attachments,12176,2014-09-30_111138.jpg,/home/dqa03/system/redmine_app/files/140930111235_2014-09-30_111138.jpg,,
attachments,12177,Video_2014-09-30_111421.wmv,/home/dqa03/system/redmine_app/files/140930111729_Video_2014-09-30_111421.wmv,,
attachments,12178,Video_2014-09-30_113329.wmv,/home/dqa03/system/redmine_app/files/140930113457_Video_2014-09-30_113329.wmv,,
attachments,12179,舊版.jpg,/home/dqa03/system/redmine_app/files/140930134506_3e9ab820ded97215dae4eb11d23acf91.jpg,,
attachments,12180,新版.jpg,/home/dqa03/system/redmine_app/files/140930134506_33c9d5609ca9dd2d0060ad59e8de0e9c.jpg,,
attachments,12187,Ado_1.jpg,/home/dqa03/system/redmine_app/files/140930143925_Ado_1.jpg,,
attachments,12188,Ado_2.jpg,/home/dqa03/system/redmine_app/files/140930143925_Ado_2.jpg,,
attachments,12189,2014-09-30_145918.jpg,/home/dqa03/system/redmine_app/files/140930145930_2014-09-30_145918.jpg,,
attachments,12190,sample.hello.tar.gz,/home/dqa03/system/redmine_app/files/140930151730_sample.hello.tar.gz,,
attachments,12191,IE11-audio.jpg,/home/dqa03/system/redmine_app/files/140930152924_IE11-audio.jpg,,
attachments,12192,IE11-audio.jpg,/home/dqa03/system/redmine_app/files/140930152924_IE11-audio.jpg,,
attachments,12193,Auto_1.jpg,/home/dqa03/system/redmine_app/files/140930153815_Auto_1.jpg,,
attachments,12194,Auto_2.jpg,/home/dqa03/system/redmine_app/files/140930153815_Auto_2.jpg,,
attachments,12195,Auto_3.jpg,/home/dqa03/system/redmine_app/files/140930153815_Auto_3.jpg,,
attachments,12197,CBR_Bitrate_Issue_20140930.png,/home/dqa03/system/redmine_app/files/140930160944_CBR_Bitrate_Issue_20140930.png,,
attachments,12198,CBug Host name與spec不符.jpg,/home/dqa03/system/redmine_app/files/140930161802_7bce88ac938b9ac76228557eebf2c428.jpg,,
attachments,12199,2014-09-30_162504.png,/home/dqa03/system/redmine_app/files/140930162551_2014-09-30_162504.png,,
attachments,12200,2014-09-30_162504.png,/home/dqa03/system/redmine_app/files/140930162629_2014-09-30_162504.png,,
attachments,12201,切換 FD8138 Service ID 至 FD8138-H，IW & VAST Model Name 會顯示 FD8138-H.png,/home/dqa03/system/redmine_app/files/140930162842_82c695f9a7a06149b785de8bb9b4c980.png,,
attachments,12202,Video_1.jpg,/home/dqa03/system/redmine_app/files/140930164850_Video_1.jpg,,
attachments,12203,2014-09-30_170204.jpg,/home/dqa03/system/redmine_app/files/140930170246_2014-09-30_170204.jpg,,
attachments,12204,ScreenHunter_01 Sep. 30 16.49.gif,/home/dqa03/system/redmine_app/files/140930171119_bed3026d5953e2908b1e85dd82d4b792.gif,,
attachments,12205,161375.patch,/home/dqa03/system/redmine_app/files/140930174157_161375.patch,,
attachments,12206,20140930_173453569_VMSVASTMatrix.rar,/home/dqa03/system/redmine_app/files/140930180313_20140930_173453569_VMSVASTMatrix.rar,,
attachments,12207,2014-09-30_180311.jpg,/home/dqa03/system/redmine_app/files/140930180342_2014-09-30_180311.jpg,,
attachments,12208,IMG_1.jpg,/home/dqa03/system/redmine_app/files/140930181056_IMG_1.jpg,,
attachments,12209,IMG_2.jpg,/home/dqa03/system/redmine_app/files/140930181056_IMG_2.jpg,,
attachments,12210,URL_Command_List_for_SD8333E_VVTK_1.0b.doc,/home/dqa03/system/redmine_app/files/140930181125_URL_Command_List_for_SD8333E_VVTK_1.0b.doc,,
attachments,12228,2014-09-30_194310.jpg,/home/dqa03/system/redmine_app/files/140930195644_2014-09-30_194310.jpg,,
attachments,12229,2014-09-30_201503.jpg,/home/dqa03/system/redmine_app/files/140930201521_2014-09-30_201503.jpg,,
attachments,12230,2014-09-30_203020.jpg,/home/dqa03/system/redmine_app/files/140930203113_2014-09-30_203020.jpg,,
attachments,12231,SD8333-VVTK-0200b-Testing List.docx,/home/dqa03/system/redmine_app/files/140930210938_67142d5e892f33a7c53ffc7face0c3e9.docx,,
attachments,12232,FD8164V-VVTK-0104b_Testing_list.docx,/home/dqa03/system/redmine_app/files/140930230638_FD8164V-VVTK-0104b_Testing_list.docx,,
attachments,12233,2014-10-01_100916.jpg,/home/dqa03/system/redmine_app/files/141001101103_2014-10-01_100916.jpg,,
attachments,12234,2014-10-01_103741.png,/home/dqa03/system/redmine_app/files/141001103855_2014-10-01_103741.png,,
attachments,12235, FE8180-VVTK#26757  -  VAST  Verify Pan Stop Patrol Rotate can work correctly .msg,/home/dqa03/system/redmine_app/files/141001105321_754c327357407de0a6c554d4a799eb1b.msg,,
attachments,12236, FE8180-VVTK#26757  -  VAST  Verify Pan Stop Patrol Rotate can work correctly .msg,/home/dqa03/system/redmine_app/files/141001105411_754c327357407de0a6c554d4a799eb1b.msg,,
attachments,12237, FE8180-VVTK#26757  -  VAST  Verify Pan Stop Patrol Rotate can work correctly .msg,/home/dqa03/system/redmine_app/files/141001105441_754c327357407de0a6c554d4a799eb1b.msg,,
attachments,12238,Trickle出的影片無法完整播放.wmv,/home/dqa03/system/redmine_app/files/141001112422_5e2f7497b09c82ccef9e22a0096f55b0.wmv,,
attachments,12239,SD card上的recording clip.mp4,/home/dqa03/system/redmine_app/files/141001112422_7c67628f95b9b1e71fea6c22d8192e0b.mp4,,
attachments,12240,Schedule trickling.wmv,/home/dqa03/system/redmine_app/files/141001113914_693452afb9a2ab77f4f0465adbc0fd81.wmv,,
attachments,12241,Accessory_Test_Report_24_port_switch_20140922.xlsx,/home/dqa03/system/redmine_app/files/141001115657_Accessory_Test_Report_24_port_switch_20140922.xlsx,,
attachments,12242,Accessory_Test_Report_24_port_switch_20140922.xlsx,/home/dqa03/system/redmine_app/files/141001120235_Accessory_Test_Report_24_port_switch_20140922.xlsx,,
attachments,12243,ScreenHunter_01 Oct. 01 13.04.gif,/home/dqa03/system/redmine_app/files/141001130449_532e0ef43f48db682eca4e18a2e14e0e.gif,,
attachments,12244,Content-management-layout.jpg,/home/dqa03/system/redmine_app/files/141001132329_Content-management-layout.jpg,,
attachments,12245,Content-management-layout.jpg,/home/dqa03/system/redmine_app/files/141001132329_Content-management-layout.jpg,,
attachments,12246,26385.jpg,/home/dqa03/system/redmine_app/files/141001133756_26385.jpg,,
attachments,12247,舊版-失焦.jpg,/home/dqa03/system/redmine_app/files/141001135855_c7617c1805a9bff9839957ae821b82fc.jpg,,
attachments,12248,新版-改善.jpg,/home/dqa03/system/redmine_app/files/141001135855_07b31e03b6645199dc6d462790d858f5.jpg,,
attachments,12249,須移除Trigger_Do.jpg,/home/dqa03/system/redmine_app/files/141001150904_c97b3d62761109affba43e898754d08b.jpg,,
attachments,12250,O_trckle no event and cannot play.wmv,/home/dqa03/system/redmine_app/files/141001152241_e4cbabaa48594f998b6ecb6f24d73d7e.wmv,,
attachments,12251,O_SD card 上的Recording clip.mp4,/home/dqa03/system/redmine_app/files/141001152241_67194dd750d18e563b815bf06238a795.mp4,,
attachments,12252,Record_2014_10_01_15_34_07_27.mp4,/home/dqa03/system/redmine_app/files/141001154545_Record_2014_10_01_15_34_07_27.mp4,,
attachments,12253,32030c0.patch,/home/dqa03/system/redmine_app/files/141001160216_32030c0.patch,,
attachments,12254,4899c76.patch,/home/dqa03/system/redmine_app/files/141001160216_4899c76.patch,,
attachments,12255,PE104A data sheet.docx,/home/dqa03/system/redmine_app/files/141001161212_14041191a43fb491cd794bea6d66a176.docx,,
attachments,12256,PE104A DQA Report.pdf,/home/dqa03/system/redmine_app/files/141001161212_be85b69445d9ab9c53713ecde10568a3.pdf,,
attachments,12257,IB8338-H(R)_FD8138-H_FD8338-HV-VVTK-0100c_Testing_list.docx,/home/dqa03/system/redmine_app/files/141001161456_e5ee1ceb87ea4857de3a86a418907ca5.docx,,
attachments,12258,IB8338-H(R)_FD8138-H_FD8338-HV-VVTK-0100c_Testing_list.docx,/home/dqa03/system/redmine_app/files/141001161500_e5ee1ceb87ea4857de3a86a418907ca5.docx,,
attachments,12259,wb_fix_6500k_colorerror.png,/home/dqa03/system/redmine_app/files/141001163502_wb_fix_6500k_colorerror.png,,
attachments,12260,HTTP_talk.jpg,/home/dqa03/system/redmine_app/files/141001170455_HTTP_talk.jpg,,
attachments,12265,FD8333E-0200b-url_command_Eric.xlsx,/home/dqa03/system/redmine_app/files/141001181251_FD8333E-0200b-url_command_Eric.xlsx,,
attachments,12266,IP8136W-SKWI.jpg,/home/dqa03/system/redmine_app/files/141001181318_IP8136W-SKWI.jpg,,
attachments,12267,IP816A-HP.jpg,/home/dqa03/system/redmine_app/files/141001184916_IP816A-HP.jpg,,
attachments,12268,CBR-h264BRup.jpg,/home/dqa03/system/redmine_app/files/141001190830_CBR-h264BRup.jpg,,
attachments,12269,video2017.jpg,/home/dqa03/system/redmine_app/files/141001190928_video2017.jpg,,
attachments,12270,video2817.jpg,/home/dqa03/system/redmine_app/files/141001190928_video2817.jpg,,
attachments,12271,video1511.jpg,/home/dqa03/system/redmine_app/files/141001190928_video1511.jpg,,
attachments,12272,CBR-JPEGBRup.jpg,/home/dqa03/system/redmine_app/files/141001191313_CBR-JPEGBRup.jpg,,
attachments,12273,JPEG-VBR.jpg,/home/dqa03/system/redmine_app/files/141001191939_JPEG-VBR.jpg,,
attachments,12274,JPEG-VBR.jpg,/home/dqa03/system/redmine_app/files/141001193351_JPEG-VBR.jpg,,
attachments,12275,"Testing_list_FD8167-T,FD8367-T,IB8367-T-0100b.docx",/home/dqa03/system/redmine_app/files/141001194854_a1c5f9a57b8d4f54ef4d5191f60b32a4.docx,,
attachments,12278,SD8161-VVTK-0100e_Testing_list.docx,/home/dqa03/system/redmine_app/files/141001202837_SD8161-VVTK-0100e_Testing_list.docx,,
attachments,12279,RE 協請更新 SD8161 Redmine 相容性Bug 進度.msg,/home/dqa03/system/redmine_app/files/141001202837_33189f73739573438a1f0ecaa6073937.msg,,
attachments,12280,SD8161-VVTK-0100e_Testing_list.docx,/home/dqa03/system/redmine_app/files/141001203337_SD8161-VVTK-0100e_Testing_list.docx,,
attachments,12281,SD8161-VVTK-0100e_Testing_list.docx,/home/dqa03/system/redmine_app/files/141001203726_SD8161-VVTK-0100e_Testing_list.docx,,
attachments,12282,ori-c.jpg,/home/dqa03/system/redmine_app/files/141002091507_ori-c.jpg,,
attachments,12283,32-2-c.jpg,/home/dqa03/system/redmine_app/files/141002091507_32-2-c.jpg,,
attachments,12284,ori.jpg,/home/dqa03/system/redmine_app/files/141002091508_ori.jpg,,
attachments,12285,32-2.jpg,/home/dqa03/system/redmine_app/files/141002091508_32-2.jpg,,
attachments,12286,60PPF(25cm=50pixels).jpg,/home/dqa03/system/redmine_app/files/141002094129_8ee2beb0b418beab3737748914f1c2c1.jpg,,
attachments,12287,6lux.jpg,/home/dqa03/system/redmine_app/files/141002094129_6lux.jpg,,
attachments,12288,未命名.png,/home/dqa03/system/redmine_app/files/141002102101_f753c3a75140ef4445b7e6826161c842.png,,
attachments,12289,cBRinVBR-H264.jpg,/home/dqa03/system/redmine_app/files/141002102508_cBRinVBR-H264.jpg,,
attachments,12290,cBRinVBR-JPEG.jpg,/home/dqa03/system/redmine_app/files/141002102508_cBRinVBR-JPEG.jpg,,
attachments,12291,FE8191_FE8391-V FW test request_1002(修改IQA測試).JPG,/home/dqa03/system/redmine_app/files/141002102705_21f619607a80f79e158538f99fe2e8a8.JPG,,
attachments,12292,161523.patch,/home/dqa03/system/redmine_app/files/141002102813_161523.patch,,
attachments,12293,backup-SD8333-E-VVTK-0200b.tar.gz,/home/dqa03/system/redmine_app/files/141002115343_backup-SD8333-E-VVTK-0200b.tar.gz,,
attachments,12294,RE  SD8333-E.msg,/home/dqa03/system/redmine_app/files/141002115343_27c642832fee3b4f286153c292f51ca2.msg,,
attachments,12295,host name default value為各產品的extended model name.jpg,/home/dqa03/system/redmine_app/files/141002160244_13be1b6350bffd1e66c35fb965d11639.jpg,,
attachments,12296,Redmine SOP - DQA.website,/home/dqa03/system/redmine_app/files/141002163706_b94f9b46bf38b6cef59b494af389a43a.website,,
attachments,12297,Key frame function.wmv,/home/dqa03/system/redmine_app/files/141002164801_6d6eb616b110a903271fd211e77e5d26.wmv,,
attachments,12298,Key frame function.wmv,/home/dqa03/system/redmine_app/files/141002164804_6d6eb616b110a903271fd211e77e5d26.wmv,,
attachments,12299,SmartS_FPS.jpg,/home/dqa03/system/redmine_app/files/141002165004_SmartS_FPS.jpg,,
attachments,12300,a.jpg,/home/dqa03/system/redmine_app/files/141002165346_a.jpg,,
attachments,12301,b.jpg,/home/dqa03/system/redmine_app/files/141002165346_b.jpg,,
attachments,12302,picture224-1.png,/home/dqa03/system/redmine_app/files/141002170823_picture224-1.png,,
attachments,12303,2014-10-02_164708.jpg,/home/dqa03/system/redmine_app/files/141002171117_2014-10-02_164708.jpg,,
attachments,12305,picture301-1.png,/home/dqa03/system/redmine_app/files/141002171512_picture301-1.png,,
attachments,12308,snapshot&printer無法使用.jpg,/home/dqa03/system/redmine_app/files/141002172024_d90657d8bf2c2ee836ec8cc8a520e388.jpg,,
attachments,12310,webconsole燈號異常.jpg,/home/dqa03/system/redmine_app/files/141002172426_5119223deb5899102ac84b4ba75a28e1.jpg,,
attachments,12311,playback authority.png,/home/dqa03/system/redmine_app/files/141002172539_d83d134bba59b6b729f367a6161d58bd.png,,
attachments,12312,web browser.png,/home/dqa03/system/redmine_app/files/141002172539_53dcd48e8dbd83ac5938cf956631dfd8.png,,
attachments,12313,海康畫面異常.jpg,/home/dqa03/system/redmine_app/files/141002172821_81ff541dc3739e78f2f556acf1187b48.jpg,,
attachments,12314,SD8333E.png,/home/dqa03/system/redmine_app/files/141002174725_SD8333E.png,,
attachments,12315,SD8333_切到MJPEG沒影像.png,/home/dqa03/system/redmine_app/files/141002175135_6931c1a2679b8e857768901622813b25.png,,
attachments,12316,SD8333_切到MJPEG沒影像.png,/home/dqa03/system/redmine_app/files/141002175135_6931c1a2679b8e857768901622813b25.png,,
attachments,12317,DarwinServer dump.rar,/home/dqa03/system/redmine_app/files/141002180210_c278711a6414a6fbbf1b67d8aa5b5d9b.rar,,
attachments,12318,VAST 支援Camera configuration，可以運作此功能..png,/home/dqa03/system/redmine_app/files/141002183234_f2a270be7ff23fca398bb039eadc6c2e.png,,
attachments,12319,O_SD8333_切到MJPEG沒影像.png,/home/dqa03/system/redmine_app/files/141002184955_3b994785ade149f251140a337ba617e5.png,,
attachments,12320,O_SD8333_切到MJPEG沒影像.png,/home/dqa03/system/redmine_app/files/141002184955_3b994785ade149f251140a337ba617e5.png,,
attachments,12321,backup-SD8333-E-VVTK-0200b.tar.gz,/home/dqa03/system/redmine_app/files/141002185036_backup-SD8333-E-VVTK-0200b.tar.gz,,
attachments,12322,ONVIF 海康.jpg,/home/dqa03/system/redmine_app/files/141002185518_9ad240cdd076e569a64100e3cdb685cd.jpg,,
attachments,12325,PS800L Test Report.pdf,/home/dqa03/system/redmine_app/files/141002191637_2e16e13cf9c3c06e5d34179bf7d07174.pdf,,
attachments,12326,PS800L data sheet.docx,/home/dqa03/system/redmine_app/files/141002191637_f1030f7360387a4b050a0fd55e8089ac.docx,,
attachments,12327,Calibrate privacy mask.wmv,/home/dqa03/system/redmine_app/files/141002193239_449d383da12e6463d077a81dba48286b.wmv,,
attachments,12328,SD8161-VVTK-0100e_Testing_list.docx,/home/dqa03/system/redmine_app/files/141002195451_SD8161-VVTK-0100e_Testing_list.docx,,
attachments,12329,Trickle 影片快轉問題.wmv,/home/dqa03/system/redmine_app/files/141002214108_426b4a75523b759a790da98b8687f86b.wmv,,
attachments,12330,Trickle 影片快轉問題.wmv,/home/dqa03/system/redmine_app/files/141002214108_426b4a75523b759a790da98b8687f86b.wmv,,
attachments,12331,Express_link 的Button位置偏移.jpg,/home/dqa03/system/redmine_app/files/141002235607_6344aaa46364fed6b4a3b96a5a9dac95.jpg,,
attachments,12332,20141002-event.txt,/home/dqa03/system/redmine_app/files/141003093720_20141002-event.txt,,
attachments,12333,2014-10-03_093148.jpg,/home/dqa03/system/redmine_app/files/141003093829_2014-10-03_093148.jpg,,
attachments,12334,2014-10-03_094302.jpg,/home/dqa03/system/redmine_app/files/141003094401_2014-10-03_094302.jpg,,
attachments,12335,2014-10-03_095215.jpg,/home/dqa03/system/redmine_app/files/141003095342_2014-10-03_095215.jpg,,
attachments,12336,EV 1.0.jpg,/home/dqa03/system/redmine_app/files/141003095355_22cf33b2dc435b4b1d61a99b55142b74.jpg,,
attachments,12337,EV 1.3.jpg,/home/dqa03/system/redmine_app/files/141003095355_edfac127a92fadc5c2ef11ed4e5d83d9.jpg,,
attachments,12338,EV 1.6.jpg,/home/dqa03/system/redmine_app/files/141003095355_3ca8e20091f8d1736ee797212549f67d.jpg,,
attachments,12339,2014-10-03_095640.jpg,/home/dqa03/system/redmine_app/files/141003095900_2014-10-03_095640.jpg,,
attachments,12957,Trickle 影片快轉問題.wmv,/home/dqa03/system/redmine_app/files/141002214108_426b4a75523b759a790da98b8687f86b.wmv,,
attachments,13113,Trickle 影片快轉問題.wmv,/home/dqa03/system/redmine_app/files/141002214108_426b4a75523b759a790da98b8687f86b.wmv,,
attachments,13140,backup-FE8181-VVTK-0100a(motion_privacy_error).tar.gz,/home/dqa03/system/redmine_app/files/140523214127_8119baf50494f3ad5d9a71bf1a90e02e.gz,,
attachments,13141,2014-05-23_214058.jpg,/home/dqa03/system/redmine_app/files/140523214127_2014-05-23_214058.jpg,,
attachments,13144,Trickle 影片快轉問題.wmv,/home/dqa03/system/redmine_app/files/141002214108_426b4a75523b759a790da98b8687f86b.wmv,,
attachments,13165,Trickle 影片快轉問題.wmv,/home/dqa03/system/redmine_app/files/141002214108_426b4a75523b759a790da98b8687f86b.wmv,,
attachments,13417,Trickle 影片快轉問題.wmv,/home/dqa03/system/redmine_app/files/141002214108_426b4a75523b759a790da98b8687f86b.wmv,,
attachments,13541,backup-FE8181-VVTK-0100a(motion_privacy_error).tar.gz,/home/dqa03/system/redmine_app/files/140523214127_8119baf50494f3ad5d9a71bf1a90e02e.gz,,
attachments,13542,2014-05-23_214058.jpg,/home/dqa03/system/redmine_app/files/140523214127_2014-05-23_214058.jpg,,
attachments,13568,Content management-Fra.jpg,/home/dqa03/system/redmine_app/files/140523160200_8732504b6103848522e2b096a71ef63a.jpg,,
attachments,13758,Testing_list_IB8331W-ALAM-0100d4.docx,/home/dqa03/system/redmine_app/files/141112150733_Testing_list_IB8331W-ALAM-0100d4.docx,,
attachments,13760,FD8137H FD8137HV.jpg,/home/dqa03/system/redmine_app/files/141112153102_15ab09980ba08579119e647dabfe4b86.jpg,,
attachments,13761,IP8337H-C.jpg,/home/dqa03/system/redmine_app/files/141112153102_IP8337H-C.jpg,,
attachments,13763,Capability_Test_Result.xlsx,/home/dqa03/system/redmine_app/files/141112155345_Capability_Test_Result.xlsx,,
attachments,13764,cell_1R.jpg,/home/dqa03/system/redmine_app/files/141112155941_cell_1R.jpg,,
attachments,13765,cell_1R(2).jpg,/home/dqa03/system/redmine_app/files/141112155941_3bf835074a376e28a9f7adbe846cf482.jpg,,
attachments,13766,Batch setup 的HTTPS，使用Apply all失效.jpg,/home/dqa03/system/redmine_app/files/141112160801_1b0181553de014c5fd28d2b9a3b35e67.jpg,,
attachments,13767,cell_4R.jpg,/home/dqa03/system/redmine_app/files/141112161649_cell_4R.jpg,,
attachments,13771,2014-11-12_141158.jpg,/home/dqa03/system/redmine_app/files/141112171013_2014-11-12_141158.jpg,,
attachments,13772,2014-11-12_145454.jpg,/home/dqa03/system/redmine_app/files/141112171013_2014-11-12_145454.jpg,,
attachments,13773,[Omnicast] Test #52511 - Video Trickling - Playback request (播放斷斷續續).wmv,/home/dqa03/system/redmine_app/files/141112175050_b2637a69ec8d70795d7afda563646117.wmv,,
attachments,13774,[Omnicast] Test #52511 - Video Trickling - Playback request (播放斷斷續續).wmv,/home/dqa03/system/redmine_app/files/141112175050_b2637a69ec8d70795d7afda563646117.wmv,,
attachments,13775,center.jpg,/home/dqa03/system/redmine_app/files/141112175428_center.jpg,,
attachments,13776,[Security Center] 102198  SC - I_O  Input Pins (功能無效) _PASS.wmv,/home/dqa03/system/redmine_app/files/141112180537_4798b132b6fa040d83ce23f2b0b8f1d7.wmv,,
attachments,13777,[Security Center] 102208  SC - Motion  Unit (無event及錄影)_PASS.png,/home/dqa03/system/redmine_app/files/141112181350_72d94ee80b02646654d599374ff4ba6b.png,,
attachments,13778,2014-11-12_182235.jpg,/home/dqa03/system/redmine_app/files/141112183058_2014-11-12_182235.jpg,,
attachments,13779,Screenshot_2014-11-12-14-46-37.png,/home/dqa03/system/redmine_app/files/141112183126_Screenshot_2014-11-12-14-46-37.png,,
attachments,13780,Screenshot_2014-11-12-16-33-04.png,/home/dqa03/system/redmine_app/files/141112183455_Screenshot_2014-11-12-16-33-04.png,,
attachments,13781,2014-11-12_182713.jpg,/home/dqa03/system/redmine_app/files/141112183902_2014-11-12_182713.jpg,,
attachments,13782,2014-11-12_184223.jpg,/home/dqa03/system/redmine_app/files/141112184308_2014-11-12_184223.jpg,,
attachments,13784,1P_snap.jpg,/home/dqa03/system/redmine_app/files/141112184452_1P_snap.jpg,,
attachments,13785,2P_snap.jpg,/home/dqa03/system/redmine_app/files/141112184452_2P_snap.jpg,,
attachments,13786,2014-11-12_184451.jpg,/home/dqa03/system/redmine_app/files/141112185824_2014-11-12_184451.jpg,,
attachments,13787,[Security Center] 102232  SC - Playback  Edge recording (影片無法以6x以上的速度快轉)  .png,/home/dqa03/system/redmine_app/files/141112190038_a54040eff3e7dd2b6b081064113bb930.png,,
attachments,13788,2014-11-12_190209.jpg,/home/dqa03/system/redmine_app/files/141112190404_2014-11-12_190209.jpg,,
attachments,13789,[Security Center] VCA event無法正常作用(SR7)_PASS.png,/home/dqa03/system/redmine_app/files/141112190635_dc58b8a8afde426797b8d938fec31f25.png,,
attachments,13790,trickling.png,/home/dqa03/system/redmine_app/files/141112190640_trickling.png,,
attachments,13791,2014-11-12_190703.jpg,/home/dqa03/system/redmine_app/files/141112190940_2014-11-12_190703.jpg,,
attachments,13792,IB8337H-C-VVTK-0200c_Testing_list.docx,/home/dqa03/system/redmine_app/files/141112191555_IB8337H-C-VVTK-0200c_Testing_list.docx,,
attachments,13793,2014-11-12_192319.jpg,/home/dqa03/system/redmine_app/files/141112192552_2014-11-12_192319.jpg,,
attachments,13794,2014-11-12_193336.jpg,/home/dqa03/system/redmine_app/files/141112193349_2014-11-12_193336.jpg,,
attachments,13795,2014-11-12_193716.jpg,/home/dqa03/system/redmine_app/files/141112194422_2014-11-12_193716.jpg,,
attachments,13796,FE8181(V)-VVTK-0100k_Testing_list.docx,/home/dqa03/system/redmine_app/files/141113094541_374a16cef73bb69b12e9976f6299f79b.docx,,
attachments,13797,FE8181(V)-VVTK-0100k_Testing_list.docx,/home/dqa03/system/redmine_app/files/141113094550_374a16cef73bb69b12e9976f6299f79b.docx,,
attachments,13798,FE8181(V)-VVTK-0100k_Testing_list.docx,/home/dqa03/system/redmine_app/files/141113094620_374a16cef73bb69b12e9976f6299f79b.docx,,
attachments,13799,2014-11-13_093843.jpg,/home/dqa03/system/redmine_app/files/141113094703_2014-11-13_093843.jpg,,
attachments,13800,Milestone_XProtect_Enterprise_2014_Specification_Sheet_Final.pdf,/home/dqa03/system/redmine_app/files/141113104331_Milestone_XProtect_Enterprise_2014_Specification_Sheet_Final.pdf,,
attachments,13801,XPCO2014_SpecSheet_FINAL.pdf,/home/dqa03/system/redmine_app/files/141113104331_XPCO2014_SpecSheet_FINAL.pdf,,
attachments,13802,Release_note_TotalSpec_IP816A-HP_v1.2.xlsx,/home/dqa03/system/redmine_app/files/141113104618_Release_note_TotalSpec_IP816A-HP_v1.2.xlsx,,
attachments,13803,Trickle 影片快轉問題.wmv,/home/dqa03/system/redmine_app/files/141002214108_426b4a75523b759a790da98b8687f86b.wmv,,
attachments,13804,Trickle_Bookmark.mp4,/home/dqa03/system/redmine_app/files/141113135208_Trickle_Bookmark.mp4,,
attachments,13805,2014-11-13_135718.jpg,/home/dqa03/system/redmine_app/files/141113135806_2014-11-13_135718.jpg,,
attachments,13806,SD8161-VVTK-0100g_Testing_list.docx,/home/dqa03/system/redmine_app/files/141113142026_SD8161-VVTK-0100g_Testing_list.docx,,
attachments,13807,SD8161-VVTK-0100g_Testing_list.docx,/home/dqa03/system/redmine_app/files/141113142044_SD8161-VVTK-0100g_Testing_list.docx,,
attachments,13808,SD8161-VVTK-0100g_Testing_list.docx,/home/dqa03/system/redmine_app/files/141113142100_SD8161-VVTK-0100g_Testing_list.docx,,
attachments,13809,2014-11-13_142034.jpg,/home/dqa03/system/redmine_app/files/141113142109_2014-11-13_142034.jpg,,
attachments,13810,4R_Pro.jpg,/home/dqa03/system/redmine_app/files/141113142500_4R_Pro.jpg,,
attachments,13811,2014-11-13_142710.jpg,/home/dqa03/system/redmine_app/files/141113142739_2014-11-13_142710.jpg,,
attachments,13812,2014-11-13_142958.jpg,/home/dqa03/system/redmine_app/files/141113144955_2014-11-13_142958.jpg,,
attachments,13813,2014-11-13_143027.jpg,/home/dqa03/system/redmine_app/files/141113144955_2014-11-13_143027.jpg,,
attachments,13814,2014-11-13_150025.jpg,/home/dqa03/system/redmine_app/files/141113150126_2014-11-13_150025.jpg,,
attachments,13815,PPM-100v2_Manu.docx,/home/dqa03/system/redmine_app/files/141113150757_PPM-100v2_Manu.docx,,
attachments,13816,2014-11-13_151357.jpg,/home/dqa03/system/redmine_app/files/141113151819_2014-11-13_151357.jpg,,
attachments,13817,2014-11-13_155324.png,/home/dqa03/system/redmine_app/files/141113155359_2014-11-13_155324.png,,
attachments,13818,SPEC定義，新版Model_name須與以下項目同步.jpg,/home/dqa03/system/redmine_app/files/141113155807_72fe8475abe83126ab7d72ff48d0d906.jpg,,
attachments,13820,IB8381-VVTK-0100f Testing_list.docx,/home/dqa03/system/redmine_app/files/141113163422_13355ac91aa7dcf842234518d47c5253.docx,,
attachments,13821,Key frame不一致.wmv,/home/dqa03/system/redmine_app/files/141113164140_f43ba28f6efb71f76069e293828913af.wmv,,
attachments,13822,2014-11-13_172441.jpg,/home/dqa03/system/redmine_app/files/141113172455_2014-11-13_172441.jpg,,
attachments,13823,1P2R.jpg,/home/dqa03/system/redmine_app/files/141113174415_1P2R.jpg,,
attachments,13824,1P3R.jpg,/home/dqa03/system/redmine_app/files/141113174415_1P3R.jpg,,
attachments,13826,2014-11-13_180434.jpg,/home/dqa03/system/redmine_app/files/141113180445_2014-11-13_180434.jpg,,
attachments,13827,Test by DQA.png,/home/dqa03/system/redmine_app/files/141113190447_a61e5906a327a2d32e9b83ef0b013b17.png,,
attachments,13828,Batch setup其IPv6的Prefix length設定後的呈現不應該為空值.jpg,/home/dqa03/system/redmine_app/files/141113190906_f12b130803cb6b26ccbd061c75bfafbf.jpg,,
attachments,13829,Video_settings_v7.1__SD8333E_v1.0_test_result.xlsx,/home/dqa03/system/redmine_app/files/141113190930_Video_settings_v7.1__SD8333E_v1.0_test_result.xlsx,,
attachments,13830,view_1P.jpg,/home/dqa03/system/redmine_app/files/141113193623_view_1P.jpg,,
attachments,13831,Batch setup的stream不應顯示不存在的stream資訊.jpg,/home/dqa03/system/redmine_app/files/141113194707_3b30bd0610df1750bf7bf8927c4628a9.jpg,,
attachments,13869,2014-11-17_111629.jpg,/home/dqa03/system/redmine_app/files/141117113424_2014-11-17_111629.jpg,,
attachments,13870,20141117_FD8137HV Test by Darren.wmv,/home/dqa03/system/redmine_app/files/141117131557_9505f8476da92b5703a8ad07527ce614.wmv,,
attachments,13871,RE Audio Input Type 疑問.msg,/home/dqa03/system/redmine_app/files/141117140756_d25d2e920b2443c50146096e666bf487.msg,,
attachments,13872,FD8137H_FD8137HV-VVTK-0200c_Testing_list.docx,/home/dqa03/system/redmine_app/files/141117143138_FD8137H_FD8137HV-VVTK-0200c_Testing_list.docx,,
attachments,13873,163551.patch,/home/dqa03/system/redmine_app/files/141117144418_163551.patch,,
attachments,13874,bug28182.wmv,/home/dqa03/system/redmine_app/files/141117151958_bug28182.wmv,,
attachments,13875,20141117_IP8337H-C Test by Luke.wmv,/home/dqa03/system/redmine_app/files/141117153614_11f8839f1c9c2662060fefaad34f2502.wmv,,
attachments,13876,1P2R.jpg,/home/dqa03/system/redmine_app/files/141117163519_1P2R.jpg,,
attachments,13877,1P3R.jpg,/home/dqa03/system/redmine_app/files/141117163519_1P3R.jpg,,
attachments,13878,settings overview.jpg,/home/dqa03/system/redmine_app/files/141117164419_9e98ce8de793eb155c6d40aad7829e9c.jpg,,
attachments,13879,Dialog _Close x button.png,/home/dqa03/system/redmine_app/files/141117165117_ef7829c51afa9404207d984b9cc3aaa9.png,,
attachments,13880,picture478-1.png,/home/dqa03/system/redmine_app/files/141117170308_picture478-1.png,,
attachments,13881,picture478-2.png,/home/dqa03/system/redmine_app/files/141117170308_picture478-2.png,,
attachments,13882,IMAG1300.jpg,/home/dqa03/system/redmine_app/files/141117173326_IMAG1300.jpg,,
attachments,13883,purple_fringing_enable_wdr.jpg,/home/dqa03/system/redmine_app/files/141117180727_purple_fringing_enable_wdr.jpg,,
attachments,13884,purple_fringing_disable_wdr.jpg,/home/dqa03/system/redmine_app/files/141117180727_purple_fringing_disable_wdr.jpg,,
attachments,13885,color.png,/home/dqa03/system/redmine_app/files/141117181822_color.png,,
attachments,13886,zoom ratio.png,/home/dqa03/system/redmine_app/files/141117181822_becf3b9dcffeac479b5e23c9e7bc0dcc.png,,
attachments,13887,benchmark_hand.jpg,/home/dqa03/system/redmine_app/files/141117184508_benchmark_hand.jpg,,
attachments,13888,face.png,/home/dqa03/system/redmine_app/files/141117184508_face.png,,
attachments,13889,vvtk.png,/home/dqa03/system/redmine_app/files/141117184508_vvtk.png,,
attachments,13891,20141118event.png,/home/dqa03/system/redmine_app/files/141118091947_20141118event.png,,
attachments,13893,log.tgz,/home/dqa03/system/redmine_app/files/141118102038_log.tgz,,
attachments,13894,2014-11-18_100809.jpg,/home/dqa03/system/redmine_app/files/141118102603_2014-11-18_100809.jpg,,
attachments,13895,816a,/home/dqa03/system/redmine_app/files/141118102626_816a,,
attachments,13896,NEW IP Sort Fail.jpg,/home/dqa03/system/redmine_app/files/141118103808_bbf09d5f13a2c9da80d528ef7db5dc58.jpg,,
attachments,13897,bandicam 2014-11-17 19-07-44-033.avi,/home/dqa03/system/redmine_app/files/141118105008_3b47ae23c6b7c782559018fbce8db3ec.avi,,
attachments,13898,CLIP_20141117-165411.mp4,/home/dqa03/system/redmine_app/files/141118105008_CLIP_20141117-165411.mp4,,
attachments,13899,CLIP_20141117-190330.mp4,/home/dqa03/system/redmine_app/files/141118105008_CLIP_20141117-190330.mp4,,
attachments,13900,Verify the seamless recording can work correctly if user remove the connection of camera and VAST (the camera resolution and bit rate is max value).png,/home/dqa03/system/redmine_app/files/141118113442_58b58c4537a281dbd26940c026b2c97c.png,,
attachments,13901,Verify the seamless recording can work correctly if user remove the connection of camera and VAST (the camera resolution and bit rate is max value).png,/home/dqa03/system/redmine_app/files/141118113442_58b58c4537a281dbd26940c026b2c97c.png,,
attachments,13902,"Testing_list_FD8137HV,FD8137H,IP8337H-VVTK-0200c.docx",/home/dqa03/system/redmine_app/files/141118115431_708add244aa8c0520a6604dc8b2d5f04.docx,,
attachments,13904,2014-11-18_131833.jpg,/home/dqa03/system/redmine_app/files/141118133442_2014-11-18_131833.jpg,,
attachments,13905,CBR.png,/home/dqa03/system/redmine_app/files/141118141341_CBR.png,,
attachments,13906,RE 請幫忙確認 SD8333E SPEC.msg,/home/dqa03/system/redmine_app/files/141118141524_122abf6aaab559fe0b8824ecd6e0166d.msg,,
attachments,13907,FW reset gconf of corona.msg,/home/dqa03/system/redmine_app/files/141118143440_8cd4bef80c014db709e58cf8c5ed5ab1.msg,,
attachments,13908,圖一.JPG,/home/dqa03/system/redmine_app/files/141118145449_a8acf21d6a45625e574cb2d7219652d9.JPG,,
attachments,13910,圖三.jpg,/home/dqa03/system/redmine_app/files/141118145449_608f86aead436761a5e56e06032502af.jpg,,
attachments,13911,IP8336W_Power IC.png,/home/dqa03/system/redmine_app/files/141118145449_0cfcb2344b4099d837349d638a0f11b8.png,,
attachments,13912,圖二.JPG,/home/dqa03/system/redmine_app/files/141118145702_037f6eee76fed672b94dabcf44e969e3.JPG,,
attachments,13913,Windows 2008_32bit_Launch Shpherd error.png,/home/dqa03/system/redmine_app/files/141118152430_0b10c24624a1a984f8b7c46d3ce11220.png,,
attachments,13914,Custom focus window可移動到超出streaming window邊框.wmv,/home/dqa03/system/redmine_app/files/141118153454_86077fbccc42f5489a9137cba4ae6f46.wmv,,
attachments,13915,Other資產.xlsx,/home/dqa03/system/redmine_app/files/141118154331_32e481df886e9b8064a85d0644166309.xlsx,,
attachments,13916,VCA-2.1beta2m.tar.gz,/home/dqa03/system/redmine_app/files/141118155451_VCA-2.1beta2m.tar.gz,,
attachments,13917,27509.jpg,/home/dqa03/system/redmine_app/files/141118162437_27509.jpg,,
attachments,13919,"DCR,DCN-VAST V.1.10.0.X 20141117.docx",/home/dqa03/system/redmine_app/files/141118162928_549cfd641358bf9ee33adc459e5c242f.docx,,
attachments,13920,Video_2014-11-18_162607.wmv,/home/dqa03/system/redmine_app/files/141118163753_Video_2014-11-18_162607.wmv,,
attachments,13921,Table header not showTooltips.jpg,/home/dqa03/system/redmine_app/files/141118170830_9564c90ee8f926618c53f5b2953aa3c4.jpg,,
attachments,13927,SD8161-VVTK-0100g_Testing_list.docx,/home/dqa03/system/redmine_app/files/141119100819_SD8161-VVTK-0100g_Testing_list.docx,,
attachments,14096,Verify the seamless recording can work correctly if user remove the connection of camera and VAST (the camera resolution and bit rate is max value).png,/home/dqa03/system/redmine_app/files/141118113442_58b58c4537a281dbd26940c026b2c97c.png,,
attachments,14540,2014-11-12_184223.jpg,/home/dqa03/system/redmine_app/files/141112184308_2014-11-12_184223.jpg,,
attachments,14874,JPEG(30fps_toNAS)-24.mp4,/home/dqa03/system/redmine_app/files/140524175525_e9cc204f5af1bab535fb61e79699d230.mp4,,
attachments,15219,2014-11-12_184223.jpg,/home/dqa03/system/redmine_app/files/141112184308_2014-11-12_184223.jpg,,
attachments,15248,2014-08-22_150045.png,/home/dqa03/system/redmine_app/files/140822152251_2014-08-22_150045.png,,
attachments,15267,1P_snap.jpg,/home/dqa03/system/redmine_app/files/141112184452_1P_snap.jpg,,
attachments,15268,2P_snap.jpg,/home/dqa03/system/redmine_app/files/141112184452_2P_snap.jpg,,
attachments,15661,Other資產.xlsx,/home/dqa03/system/redmine_app/files/141118154331_32e481df886e9b8064a85d0644166309.xlsx,,
attachments,15839,Milestone_XProtect_Enterprise_2014_Specification_Sheet_Final.pdf,/home/dqa03/system/redmine_app/files/141113104331_Milestone_XProtect_Enterprise_2014_Specification_Sheet_Final.pdf,,
attachments,15840,XPCO2014_SpecSheet_FINAL.pdf,/home/dqa03/system/redmine_app/files/141113104331_XPCO2014_SpecSheet_FINAL.pdf,,
attachments,15842,Milestone_XProtect_Enterprise_2014_Specification_Sheet_Final.pdf,/home/dqa03/system/redmine_app/files/141113104331_Milestone_XProtect_Enterprise_2014_Specification_Sheet_Final.pdf,,
attachments,15843,XPCO2014_SpecSheet_FINAL.pdf,/home/dqa03/system/redmine_app/files/141113104331_XPCO2014_SpecSheet_FINAL.pdf,,
attachments,15937,Milestone_XProtect_Enterprise_2014_Specification_Sheet_Final.pdf,/home/dqa03/system/redmine_app/files/141113104331_Milestone_XProtect_Enterprise_2014_Specification_Sheet_Final.pdf,,
attachments,15938,XPCO2014_SpecSheet_FINAL.pdf,/home/dqa03/system/redmine_app/files/141113104331_XPCO2014_SpecSheet_FINAL.pdf,,
attachments,18015,Trickle 影片快轉問題.wmv,/home/dqa03/system/redmine_app/files/141002214108_426b4a75523b759a790da98b8687f86b.wmv,,
attachments,18342,FW reset gconf of corona.msg,/home/dqa03/system/redmine_app/files/141118143440_8cd4bef80c014db709e58cf8c5ed5ab1.msg,,
attachments,19016,Trickle 影片快轉問題.wmv,/home/dqa03/system/redmine_app/files/141002214108_426b4a75523b759a790da98b8687f86b.wmv,,
attachments,19017,Trickle 影片快轉問題.wmv,/home/dqa03/system/redmine_app/files/141002214108_426b4a75523b759a790da98b8687f86b.wmv,,
attachments,19193,Trickle 影片快轉問題.wmv,/home/dqa03/system/redmine_app/files/141002214108_426b4a75523b759a790da98b8687f86b.wmv,,
attachments,19311,Trickle 影片快轉問題.wmv,/home/dqa03/system/redmine_app/files/141002214108_426b4a75523b759a790da98b8687f86b.wmv,,
attachments,20391,Trickle 影片快轉問題.wmv,/home/dqa03/system/redmine_app/files/141002214108_426b4a75523b759a790da98b8687f86b.wmv,,
attachments,20679,2014-11-12_184223.jpg,/home/dqa03/system/redmine_app/files/141112184308_2014-11-12_184223.jpg,,
attachments,21562,Milestone_XProtect_Enterprise_2014_Specification_Sheet_Final.pdf,/home/dqa03/system/redmine_app/files/141113104331_Milestone_XProtect_Enterprise_2014_Specification_Sheet_Final.pdf,,
attachments,21563,XPCO2014_SpecSheet_FINAL.pdf,/home/dqa03/system/redmine_app/files/141113104331_XPCO2014_SpecSheet_FINAL.pdf,,
attachments,24237,10lux_gain70.png,/home/dqa03/system/redmine_app/files/150804165114_10lux_gain70.png,,
attachments,26893,Verify the seamless recording can work correctly if user remove the connection of camera and VAST (the camera resolution and bit rate is max value).png,/home/dqa03/system/redmine_app/files/141118113442_58b58c4537a281dbd26940c026b2c97c.png,,
attachments,30255,Milestone_XProtect_Enterprise_2014_Specification_Sheet_Final.pdf,/home/dqa03/system/redmine_app/files/141113104331_Milestone_XProtect_Enterprise_2014_Specification_Sheet_Final.pdf,,
attachments,30256,XPCO2014_SpecSheet_FINAL.pdf,/home/dqa03/system/redmine_app/files/141113104331_XPCO2014_SpecSheet_FINAL.pdf,,
attachments,41335,SD8333_切到MJPEG沒影像.png,/home/dqa03/system/redmine_app/files/141002175135_6931c1a2679b8e857768901622813b25.png,,
attachments,45818,SD8333_切到MJPEG沒影像.png,/home/dqa03/system/redmine_app/files/141002175135_6931c1a2679b8e857768901622813b25.png,,
attachments,45820,SD8333_切到MJPEG沒影像.png,/home/dqa03/system/redmine_app/files/141002175135_6931c1a2679b8e857768901622813b25.png,,
attachments,108996,1f_orig.jpg,/home/dqa03/system/redmine_app/files/2026/03/260326124000_1f_orig.jpg,,
attachments,108997,11.158_backup-IB9387-EHTV-V3-VVTK-1.2403.37.01f,/home/dqa03/system/redmine_app/files/2026/03/260326124401_11.158_backup-IB9387-EHTV-V3-VVTK-1.2403.37.01f,,
